Name,Category,Link,MST
Attorneys,Audiences,"{""originalUrl"":""https:\/\/github.com\/department-of-veterans-affairs\/va.gov-research-repository\/labels\/AUD%3A%20Attorneys"",""attachment"":{},""displayAsUrl"":false}",
"OCC Share My Health Data",Product,"{""originalUrl"":""https:\/\/github.com\/department-of-veterans-affairs\/va.gov-research-repository\/labels\/PRDT%3A%20OCC%20Share%20My%20Health%20Data"",""attachment"":{},""displayAsUrl"":false}",
"Pension 21P-530",Product,"{""originalUrl"":""https:\/\/github.com\/department-of-veterans-affairs\/va.gov-research-repository\/labels\/PRDT%3A%20Pension%2021P-530"",""attachment"":{},""displayAsUrl"":false}",
"Pension 21P-527 EZ",Product,"{""originalUrl"":""https:\/\/github.com\/department-of-veterans-affairs\/va.gov-research-repository\/labels\/PRDT%3A%20Pension%2021P-527%20EZ"",""attachment"":{},""displayAsUrl"":false}",
Payment-history,Product,"{""originalUrl"":""https:\/\/github.com\/department-of-veterans-affairs\/va.gov-research-repository\/labels\/PRDT%3A%20Payment-history"",""attachment"":{},""displayAsUrl"":false}",
"PACT Act Wizard",Product,"{""originalUrl"":""https:\/\/github.com\/department-of-veterans-affairs\/va.gov-research-repository\/labels\/PRDT%3A%20PACT%20Act%20Wizard"",""attachment"":{},""displayAsUrl"":false}",
Outreach-and-events,Product,"{""originalUrl"":""https:\/\/github.com\/department-of-veterans-affairs\/va.gov-research-repository\/labels\/PRDT%3A%20Outreach-and-events"",""attachment"":{},""displayAsUrl"":false}",
On-site-search,Product,"{""originalUrl"":""https:\/\/github.com\/department-of-veterans-affairs\/va.gov-research-repository\/labels\/PRDT%3A%20On-site-search"",""attachment"":{},""displayAsUrl"":false}",
"Office Connected Care VA Video Connect",Product,"{""originalUrl"":""https:\/\/github.com\/department-of-veterans-affairs\/va.gov-research-repository\/labels\/PRDT%3A%20Office%20Connected%20Care%20VA%20Video%20Connect"",""attachment"":{},""displayAsUrl"":false}",
Off-site-search,Product,"{""originalUrl"":""https:\/\/github.com\/department-of-veterans-affairs\/va.gov-research-repository\/labels\/PRDT%3A%20Off-site-search"",""attachment"":{},""displayAsUrl"":false}",
My-education-benefits,Product,"{""originalUrl"":""https:\/\/github.com\/department-of-veterans-affairs\/va.gov-research-repository\/labels\/PRDT%3A%20My-education-benefits"",""attachment"":{},""displayAsUrl"":false}",
Ratings-calculator,Product,"{""originalUrl"":""https:\/\/github.com\/department-of-veterans-affairs\/va.gov-research-repository\/labels\/PRDT%3A%20Ratings-calculator"",""attachment"":{},""displayAsUrl"":false}",
"My VA - Numbered badge indicator",Product,"{""originalUrl"":""https:\/\/github.com\/department-of-veterans-affairs\/va.gov-research-repository\/labels\/PRDT%3A%20My%20VA%20-%20Numbered%20badge%20indicator"",""attachment"":{},""displayAsUrl"":false}",
"My VA - Dot indicator",Product,"{""originalUrl"":""https:\/\/github.com\/department-of-veterans-affairs\/va.gov-research-repository\/labels\/PRDT%3A%20My%20VA%20-%20Dot%20indicator"",""attachment"":{},""displayAsUrl"":false}",
"My VA",Product,"{""originalUrl"":""https:\/\/github.com\/department-of-veterans-affairs\/va.gov-research-repository\/labels\/PRDT%3A%20My%20VA"",""attachment"":{},""displayAsUrl"":false}",
"My Health",Product,"{""originalUrl"":""https:\/\/github.com\/department-of-veterans-affairs\/va.gov-research-repository\/labels\/PRDT%3A%20My%20Health"",""attachment"":{},""displayAsUrl"":false}",
"MHV Legacy",Product,"{""originalUrl"":""https:\/\/github.com\/department-of-veterans-affairs\/va.gov-research-repository\/labels\/PRDT%3A%20MHV%20Legacy"",""attachment"":{},""displayAsUrl"":false}",
"MHV integration to VA.gov",Product,"{""originalUrl"":""https:\/\/github.com\/department-of-veterans-affairs\/va.gov-research-repository\/labels\/PRDT%3A%20MHV%20integration%20to%20VA.gov"",""attachment"":{},""displayAsUrl"":false}",
Medical-records,Product,"{""originalUrl"":""https:\/\/github.com\/department-of-veterans-affairs\/va.gov-research-repository\/labels\/PRDT%3A%20Medical-records"",""attachment"":{},""displayAsUrl"":false}",
Medical-device-tool,Product,"{""originalUrl"":""https:\/\/github.com\/department-of-veterans-affairs\/va.gov-research-repository\/labels\/PRDT%3A%20Medical-device-tool"",""attachment"":{},""displayAsUrl"":false}",
Prescription-refills,Product,"{""originalUrl"":""https:\/\/github.com\/department-of-veterans-affairs\/va.gov-research-repository\/labels\/PRDT%3A%20Prescription-refills"",""attachment"":{},""displayAsUrl"":false}",
"Resources and Support",Product,"{""originalUrl"":""https:\/\/github.com\/department-of-veterans-affairs\/va.gov-research-repository\/labels\/PRDT%3A%20Resources%20and%20Support"",""attachment"":{},""displayAsUrl"":false}",
Login,Product,"{""originalUrl"":""https:\/\/github.com\/department-of-veterans-affairs\/va.gov-research-repository\/labels\/PRDT%3A%20Login"",""attachment"":{},""displayAsUrl"":false}",
"Vet Transition Support",Product,"{""originalUrl"":""https:\/\/github.com\/department-of-veterans-affairs\/va.gov-research-repository\/labels\/PRDT%3A%20Vet%20Transition%20Support"",""attachment"":{},""displayAsUrl"":false}",
VSignals,Product,,
Voicebot,Product,"{""originalUrl"":""https:\/\/github.com\/department-of-veterans-affairs\/va.gov-research-repository\/labels\/PRDT%3A%20Voicebot"",""attachment"":{},""displayAsUrl"":false}",
"Vocational Rehab",Product,"{""originalUrl"":""https:\/\/github.com\/department-of-veterans-affairs\/va.gov-research-repository\/labels\/PRDT%3A%20Vocational%20Rehab"",""attachment"":{},""displayAsUrl"":false}",
Virtual-agent,Product,"{""originalUrl"":""https:\/\/github.com\/department-of-veterans-affairs\/va.gov-research-repository\/labels\/PRDT%3A%20Virtual-agent"",""attachment"":{},""displayAsUrl"":false}",
"Virtual Assistant",Product,"{""originalUrl"":""https:\/\/github.com\/department-of-veterans-affairs\/va.gov-research-repository\/labels\/PRDT%3A%20Virtual%20Assistant"",""attachment"":{},""displayAsUrl"":false}",
VEText,Product,"{""originalUrl"":""https:\/\/github.com\/department-of-veterans-affairs\/va.gov-research-repository\/labels\/PRDT%3A%20VEText"",""attachment"":{},""displayAsUrl"":false}",
veteran-status,Product,"{""originalUrl"":""https:\/\/github.com\/department-of-veterans-affairs\/va.gov-research-repository\/labels\/PRDT%3A%20veteran-status"",""attachment"":{},""displayAsUrl"":false}",
Veteran-ID-cards,Product,"{""originalUrl"":""https:\/\/github.com\/department-of-veterans-affairs\/va.gov-research-repository\/labels\/PRDT%3A%20Veteran-ID-cards"",""attachment"":{},""displayAsUrl"":false}",
"Vet Centers",Product,"{""originalUrl"":""https:\/\/github.com\/department-of-veterans-affairs\/va.gov-research-repository\/labels\/PRDT%3A%20Vet%20Centers"",""attachment"":{},""displayAsUrl"":false}",
Secure-messaging,Product,"{""originalUrl"":""https:\/\/github.com\/department-of-veterans-affairs\/va.gov-research-repository\/labels\/PRDT%3A%20Secure-messaging"",""attachment"":{},""displayAsUrl"":false}",
VAOS,Product,"{""originalUrl"":""https:\/\/github.com\/department-of-veterans-affairs\/va.gov-research-repository\/labels\/PRDT%3A%20VAOS"",""attachment"":{},""displayAsUrl"":false}",
VA-notify,Product,"{""originalUrl"":""https:\/\/github.com\/department-of-veterans-affairs\/va.gov-research-repository\/labels\/PRDT%3A%20VA-notify"",""attachment"":{},""displayAsUrl"":false}",
VA-mobile-app,Product,"{""originalUrl"":""https:\/\/github.com\/department-of-veterans-affairs\/va.gov-research-repository\/labels\/PRDT%3A%20VA-mobile-app"",""attachment"":{},""displayAsUrl"":false}",
"VA Medical Centers (Websites)",Product,"{""originalUrl"":""https:\/\/github.com\/department-of-veterans-affairs\/va.gov-research-repository\/labels\/PRDT%3A%20VA%20Medical%20Centers%20%28Websites%29"",""attachment"":{},""displayAsUrl"":false}",
"VA.gov Profile",Product,"{""originalUrl"":""https:\/\/github.com\/department-of-veterans-affairs\/va.gov-research-repository\/labels\/PRDT%3A%20VA.gov%20Profile"",""attachment"":{},""displayAsUrl"":false}",
"VA.gov home page",Product,"{""originalUrl"":""https:\/\/github.com\/department-of-veterans-affairs\/va.gov-research-repository\/labels\/PRDT%3A%20VA.gov%20home%20page"",""attachment"":{},""displayAsUrl"":false}",
Travel-reimbursement,Product,"{""originalUrl"":""https:\/\/github.com\/department-of-veterans-affairs\/va.gov-research-repository\/labels\/PRDT%3A%20Travel-reimbursement"",""attachment"":{},""displayAsUrl"":false}",
"Single-Sign-On (SSO)",Product,"{""originalUrl"":""https:\/\/github.com\/department-of-veterans-affairs\/va.gov-research-repository\/labels\/PRDT%3A%20Single-Sign-On%20%28SSO%29"",""attachment"":{},""displayAsUrl"":false}",
Medical-co-pays,Product,"{""originalUrl"":""https:\/\/github.com\/department-of-veterans-affairs\/va.gov-research-repository\/labels\/PRDT%3A%20Medical-co-pays"",""attachment"":{},""displayAsUrl"":false}",
Login.gov,Product,"{""originalUrl"":""https:\/\/github.com\/department-of-veterans-affairs\/va.gov-research-repository\/labels\/PRDT%3A%20Login.gov"",""attachment"":{},""displayAsUrl"":false}",
"0538 Dependent-verification-letter",Product,"{""originalUrl"":""https:\/\/github.com\/department-of-veterans-affairs\/va.gov-research-repository\/labels\/PRDT%3A%200538%20Dependent-verification-letter"",""attachment"":{},""displayAsUrl"":false}",
Financial-status-report,Product,"{""originalUrl"":""https:\/\/github.com\/department-of-veterans-affairs\/va.gov-research-repository\/labels\/PRDT%3A%20Financial-status-report"",""attachment"":{},""displayAsUrl"":false}",
"Form 22-0994",Product,"{""originalUrl"":""https:\/\/github.com\/department-of-veterans-affairs\/va.gov-research-repository\/labels\/PRDT%3A%20Form%2022-0994"",""attachment"":{},""displayAsUrl"":false}",
"Form 21-4138",Product,"{""originalUrl"":""https:\/\/github.com\/department-of-veterans-affairs\/va.gov-research-repository\/labels\/PRDT%3A%20Form%2021-4138"",""attachment"":{},""displayAsUrl"":false}",
"Form 21-686c",Product,"{""originalUrl"":""https:\/\/github.com\/department-of-veterans-affairs\/va.gov-research-repository\/labels\/PRDT%3A%20Form%2021-686c"",""attachment"":{},""displayAsUrl"":false}",
"Form 10-10 EZR",Product,"{""originalUrl"":""https:\/\/github.com\/department-of-veterans-affairs\/va.gov-research-repository\/labels\/PRDT%3A%20Form%2010-10%20EZR"",""attachment"":{},""displayAsUrl"":false}",
"Form 10-10 EZ",Product,"{""originalUrl"":""https:\/\/github.com\/department-of-veterans-affairs\/va.gov-research-repository\/labels\/PRDT%3A%20Form%2010-10%20EZ"",""attachment"":{},""displayAsUrl"":false}",
"Form 10-10 cg",Product,"{""originalUrl"":""https:\/\/github.com\/department-of-veterans-affairs\/va.gov-research-repository\/labels\/PRDT%3A%20Form%2010-10%20cg"",""attachment"":{},""displayAsUrl"":false}",
Find-a-yellow-ribbon-school,Product,"{""originalUrl"":""https:\/\/github.com\/department-of-veterans-affairs\/va.gov-research-repository\/labels\/PRDT%3A%20Find-a-yellow-ribbon-school"",""attachment"":{},""displayAsUrl"":false}",
Find-a-va-form,Product,"{""originalUrl"":""https:\/\/github.com\/department-of-veterans-affairs\/va.gov-research-repository\/labels\/PRDT%3A%20Find-a-va-form"",""attachment"":{},""displayAsUrl"":false}",
Facilities,Product,"{""originalUrl"":""https:\/\/github.com\/department-of-veterans-affairs\/va.gov-research-repository\/labels\/PRDT%3A%20Facilities"",""attachment"":{},""displayAsUrl"":false}",
"Form 22-10203",Product,"{""originalUrl"":""https:\/\/github.com\/department-of-veterans-affairs\/va.gov-research-repository\/labels\/PRDT%3A%20Form%2022-10203"",""attachment"":{},""displayAsUrl"":false}",
ESL/LEP,Product,"{""originalUrl"":""https:\/\/github.com\/department-of-veterans-affairs\/va.gov-research-repository\/labels\/PRDT%3A%20ESL%2FLEP"",""attachment"":{},""displayAsUrl"":false}",
eFolder,Product,"{""originalUrl"":""https:\/\/github.com\/department-of-veterans-affairs\/va.gov-research-repository\/labels\/PRDT%3A%20eFolder"",""attachment"":{},""displayAsUrl"":false}",
eBenefits,Product,"{""originalUrl"":""https:\/\/github.com\/department-of-veterans-affairs\/va.gov-research-repository\/labels\/PRDT%3A%20eBenefits"",""attachment"":{},""displayAsUrl"":false}",
Discharge-upgrade-wizard,Product,"{""originalUrl"":""https:\/\/github.com\/department-of-veterans-affairs\/va.gov-research-repository\/labels\/PRDT%3A%20Discharge-upgrade-wizard"",""attachment"":{},""displayAsUrl"":false}",
Direct-deposit,Product,"{""originalUrl"":""https:\/\/github.com\/department-of-veterans-affairs\/va.gov-research-repository\/labels\/PRDT%3A%20Direct-deposit"",""attachment"":{},""displayAsUrl"":false}",
Digital-health-platform,Product,"{""originalUrl"":""https:\/\/github.com\/department-of-veterans-affairs\/va.gov-research-repository\/labels\/PRDT%3A%20Digital-health-platform"",""attachment"":{},""displayAsUrl"":false}",
Decision-reviews,Product,"{""originalUrl"":""https:\/\/github.com\/department-of-veterans-affairs\/va.gov-research-repository\/labels\/PRDT%3A%20Decision-reviews"",""attachment"":{},""displayAsUrl"":false}",
Debt-portal,Product,"{""originalUrl"":""https:\/\/github.com\/department-of-veterans-affairs\/va.gov-research-repository\/labels\/PRDT%3A%20Debt-portal"",""attachment"":{},""displayAsUrl"":false}",
"Form 22-1995",Product,"{""originalUrl"":""https:\/\/github.com\/department-of-veterans-affairs\/va.gov-research-repository\/labels\/PRDT%3A%20Form%2022-1995"",""attachment"":{},""displayAsUrl"":false}",
"Form 526 EZ",Product,"{""originalUrl"":""https:\/\/github.com\/department-of-veterans-affairs\/va.gov-research-repository\/labels\/PRDT%3A%20Form%20526%20EZ"",""attachment"":{},""displayAsUrl"":false}",
"Live Agents",Product,"{""originalUrl"":""https:\/\/github.com\/department-of-veterans-affairs\/va.gov-research-repository\/labels\/PRDT%3A%20Live%20Agents"",""attachment"":{},""displayAsUrl"":false}",
health-care-check-in,Product,"{""originalUrl"":""https:\/\/github.com\/department-of-veterans-affairs\/va.gov-research-repository\/labels\/PRDT%3A%20health-care-check-in"",""attachment"":{},""displayAsUrl"":false}",
Labs-test,Product,"{""originalUrl"":""https:\/\/github.com\/department-of-veterans-affairs\/va.gov-research-repository\/labels\/PRDT%3A%20Labs-test"",""attachment"":{},""displayAsUrl"":false}",
IRIS,Product,"{""originalUrl"":""https:\/\/github.com\/department-of-veterans-affairs\/va.gov-research-repository\/labels\/PRDT%3A%20IRIS"",""attachment"":{},""displayAsUrl"":false}",
"Individual Longitudinal Exposure Record",Product,"{""originalUrl"":""https:\/\/github.com\/department-of-veterans-affairs\/va.gov-research-repository\/labels\/PRDT%3A%20Individual%20Longitudinal%20Exposure%20Record"",""attachment"":{},""displayAsUrl"":false}",
Income-Limits,Product,"{""originalUrl"":""https:\/\/github.com\/department-of-veterans-affairs\/va.gov-research-repository\/labels\/PRDT%3A%20Income-Limits"",""attachment"":{},""displayAsUrl"":false}",
Identity-personalization,Product,"{""originalUrl"":""https:\/\/github.com\/department-of-veterans-affairs\/va.gov-research-repository\/labels\/PRDT%3A%20Identity-personalization"",""attachment"":{},""displayAsUrl"":false}",
"Information Architecture",Product,"{""originalUrl"":""https:\/\/github.com\/department-of-veterans-affairs\/va.gov-research-repository\/labels\/PRDT%3A%20Information%20Architecture%20%28IA%29"",""attachment"":{},""displayAsUrl"":false}",
health-care-questionnaires,Product,"{""originalUrl"":""https:\/\/github.com\/department-of-veterans-affairs\/va.gov-research-repository\/labels\/PRDT%3A%20health-care-questionnaires"",""attachment"":{},""displayAsUrl"":false}",
health-care-patient-portal,Product,"{""originalUrl"":""https:\/\/github.com\/department-of-veterans-affairs\/va.gov-research-repository\/labels\/PRDT%3A%20health-care-patient-portal"",""attachment"":{},""displayAsUrl"":false}",
health-care-application,Product,"{""originalUrl"":""https:\/\/github.com\/department-of-veterans-affairs\/va.gov-research-repository\/labels\/PRDT%3A%20health-care-application"",""attachment"":{},""displayAsUrl"":false}",
"Form 674",Product,"{""originalUrl"":""https:\/\/github.com\/department-of-veterans-affairs\/va.gov-research-repository\/labels\/PRDT%3A%20Form%20674"",""attachment"":{},""displayAsUrl"":false}",
health-care-apartment,Product,"{""originalUrl"":""https:\/\/github.com\/department-of-veterans-affairs\/va.gov-research-repository\/labels\/PRDT%3A%20health-care-apartment"",""attachment"":{},""displayAsUrl"":false}",
Header/footer,Product,"{""originalUrl"":""https:\/\/github.com\/department-of-veterans-affairs\/va.gov-research-repository\/labels\/PRDT%3A%20Header%2Ffooter"",""attachment"":{},""displayAsUrl"":false}",
Harassment-reporting,Product,"{""originalUrl"":""https:\/\/github.com\/department-of-veterans-affairs\/va.gov-research-repository\/labels\/PRDT%3A%20Harassment-reporting"",""attachment"":{},""displayAsUrl"":false}",
"GI Bill Complaint Tool",Product,"{""originalUrl"":""https:\/\/github.com\/department-of-veterans-affairs\/va.gov-research-repository\/labels\/PRDT%3A%20GI%20Bill%20Complaint%20Tool"",""attachment"":{},""displayAsUrl"":false}",
"GI Bill Comparison Tool (GIBCT)",Product,"{""originalUrl"":""https:\/\/github.com\/department-of-veterans-affairs\/va.gov-research-repository\/labels\/PRDT%3A%20GI%20Bill%20Comparison%20Tool%20%28GIBCT%29"",""attachment"":{},""displayAsUrl"":false}",
"Form 4142",Product,"{""originalUrl"":""https:\/\/github.com\/department-of-veterans-affairs\/va.gov-research-repository\/labels\/PRDT%3A%20Form%204142"",""attachment"":{},""displayAsUrl"":false}",
"Form 4142a",Product,"{""originalUrl"":""https:\/\/github.com\/department-of-veterans-affairs\/va.gov-research-repository\/labels\/PRDT%3A%20Form%204142a"",""attachment"":{},""displayAsUrl"":false}",
"Form 686 C",Product,"{""originalUrl"":""https:\/\/github.com\/department-of-veterans-affairs\/va.gov-research-repository\/labels\/PRDT%3A%20Form%20686%20C"",""attachment"":{},""displayAsUrl"":false}",
"VYE (Verify Your Enrollment)",Product,"{""originalUrl"":""https:\/\/github.com\/department-of-veterans-affairs\/va.gov-research-repository\/labels\/PRDT%3A%20VYE%20%28Verify%20Your%20Enrollment%29"",""attachment"":{},""displayAsUrl"":false}",
"1990 Application for VA Ed. Benefits",Product,"{""originalUrl"":""https:\/\/github.com\/department-of-veterans-affairs\/va.gov-research-repository\/labels\/PRDT%3A%201990%20Application%20for%20VA%20Ed.%20Benefits"",""attachment"":{},""displayAsUrl"":false}",
COVID-vaccine-trials,Product,"{""originalUrl"":""https:\/\/github.com\/department-of-veterans-affairs\/va.gov-research-repository\/labels\/PRDT%3A%20COVID-vaccine-trials"",""attachment"":{},""displayAsUrl"":false}",
"Reinventing themselves","Veteran Journey","{""originalUrl"":""https:\/\/github.com\/department-of-veterans-affairs\/va.gov-research-repository\/labels\/VETJNY%3A%20Reinventing%20themselves"",""attachment"":{},""displayAsUrl"":false}",
"Researching the Research Process",Admin,"{""originalUrl"":""https:\/\/github.com\/department-of-veterans-affairs\/va.gov-research-repository\/labels\/ADMIN%3A%20Researching%20the%20Research%20Process"",""attachment"":{},""displayAsUrl"":false}",
recruitment-criteria,Admin,"{""originalUrl"":""https:\/\/github.com\/department-of-veterans-affairs\/va.gov-research-repository\/labels\/recruitment-criteria"",""attachment"":{},""displayAsUrl"":false}",
"Monday Design Presenter",Admin,"{""originalUrl"":""https:\/\/github.com\/department-of-veterans-affairs\/va.gov-research-repository\/labels\/ADMIN%3A%20Monday%20Design%20Presenter"",""attachment"":{},""displayAsUrl"":false}",
EnjoyHQ,Admin,"{""originalUrl"":""https:\/\/github.com\/department-of-veterans-affairs\/va.gov-research-repository\/labels\/EnjoyHQ"",""attachment"":{},""displayAsUrl"":false}",
"Taking care of themselves
Veteran Journeys","Veteran Journey","{""originalUrl"":""https:\/\/github.com\/department-of-veterans-affairs\/va.gov-research-repository\/labels\/VETJNY%3A%20Taking%20care%20of%20themselves"",""attachment"":{},""displayAsUrl"":false}",
"Starting up civilian life","Veteran Journey","{""originalUrl"":""https:\/\/github.com\/department-of-veterans-affairs\/va.gov-research-repository\/labels\/VETJNY%3A%20Starting%20up%20civilian%20life"",""attachment"":{},""displayAsUrl"":false}",
"Serving in Military","Veteran Journey","{""originalUrl"":""https:\/\/github.com\/department-of-veterans-affairs\/va.gov-research-repository\/labels\/VETJNY%3A%20Serving%20in%20Military"",""attachment"":{},""displayAsUrl"":false}",
Retiring,"Veteran Journey","{""originalUrl"":""https:\/\/github.com\/department-of-veterans-affairs\/va.gov-research-repository\/labels\/VETJNY%3A%20Retiring"",""attachment"":{},""displayAsUrl"":false}",
"Putting down roots","Veteran Journey","{""originalUrl"":""https:\/\/github.com\/department-of-veterans-affairs\/va.gov-research-repository\/labels\/VETJNY%3A%20Putting%20down%20roots"",""attachment"":{},""displayAsUrl"":false}",
Accessibility,Miscellaneous,"{""originalUrl"":""https:\/\/github.com\/department-of-veterans-affairs\/va.gov-research-repository\/labels\/Accessibility"",""attachment"":{},""displayAsUrl"":false}",
"Joining Military","Veteran Journey","{""originalUrl"":""https:\/\/github.com\/department-of-veterans-affairs\/va.gov-research-repository\/labels\/VETJNY%3A%20Joining%20Military"",""attachment"":{},""displayAsUrl"":false}",
"Getting out Military","Veteran Journey","{""originalUrl"":""https:\/\/github.com\/department-of-veterans-affairs\/va.gov-research-repository\/labels\/VETJNY%3A%20Getting%20out%20Military"",""attachment"":{},""displayAsUrl"":false}",
Dying,"Veteran Journey","{""originalUrl"":""https:\/\/github.com\/department-of-veterans-affairs\/va.gov-research-repository\/labels\/VETJNY%3A%20Dying"",""attachment"":{},""displayAsUrl"":false}",
Aging,"Veteran Journey","{""originalUrl"":""https:\/\/github.com\/department-of-veterans-affairs\/va.gov-research-repository\/labels\/VETJNY%3A%20Aging"",""attachment"":{},""displayAsUrl"":false}",
"Veteran Health Administration","Veteran Affairs Team","{""originalUrl"":""https:\/\/github.com\/department-of-veterans-affairs\/va.gov-research-repository\/labels\/VAT%3A%20Veteran%20Health%20Administration"",""attachment"":{},""displayAsUrl"":false}",
"Veteran Experience Office (VEO)
VA Team","Veteran Affairs Team","{""originalUrl"":""https:\/\/github.com\/department-of-veterans-affairs\/va.gov-research-repository\/labels\/VAT%3A%20Veteran%20Experience%20Office%20%28VEO%29"",""attachment"":{},""displayAsUrl"":false}",
"Office Chief Technology Officer (OCTO)
VA Team","Veteran Affairs Team","{""originalUrl"":""https:\/\/github.com\/department-of-veterans-affairs\/va.gov-research-repository\/labels\/VAT%3A%20Office%20Chief%20Technology%20Officer%20%28OCTO%29"",""attachment"":{},""displayAsUrl"":false}",
"Multi-Channel Technologies (MCT)
VA Team","Veteran Affairs Team","{""originalUrl"":""https:\/\/github.com\/department-of-veterans-affairs\/va.gov-research-repository\/labels\/VAT%3A%20Multi-Channel%20Technologies%20%28MCT%29"",""attachment"":{},""displayAsUrl"":false}",
5103,Miscellaneous,"{""originalUrl"":""https:\/\/github.com\/department-of-veterans-affairs\/va.gov-research-repository\/labels\/5103"",""attachment"":{},""displayAsUrl"":false}",
"AEDP: Update prefilled information",Miscellaneous,"{""originalUrl"":""https:\/\/github.com\/department-of-veterans-affairs\/va.gov-research-repository\/labels\/AEDP%3A%20Update%20prefilled%20information"",""attachment"":{},""displayAsUrl"":false}",
Scheduling,"VA Online Scheduling","{""originalUrl"":""https:\/\/github.com\/department-of-veterans-affairs\/va.gov-research-repository\/labels\/VAOS%3A%20Scheduling"",""attachment"":{},""displayAsUrl"":false}",
login.gov-adoption,Miscellaneous,"{""originalUrl"":""https:\/\/github.com\/department-of-veterans-affairs\/va.gov-research-repository\/labels\/login.gov-adoption"",""attachment"":{},""displayAsUrl"":false}",
"WP: Verbiage",Miscellaneous,,
"WP: Content",Miscellaneous,,
"VBA National Call Center",Miscellaneous,"{""originalUrl"":""https:\/\/github.com\/department-of-veterans-affairs\/va.gov-research-repository\/labels\/VBA%20National%20Call%20Center"",""attachment"":{},""displayAsUrl"":false}",
"Unified Appointments Experience",Miscellaneous,"{""originalUrl"":""https:\/\/github.com\/department-of-veterans-affairs\/va.gov-research-repository\/labels\/UAE"",""attachment"":{},""displayAsUrl"":false}",
"Streamlined Waiver",Miscellaneous,"{""originalUrl"":""https:\/\/github.com\/department-of-veterans-affairs\/va.gov-research-repository\/labels\/Streamlined%20Waiver"",""attachment"":{},""displayAsUrl"":false}",
"Oracle Health Integration",Miscellaneous,"{""originalUrl"":""https:\/\/github.com\/department-of-veterans-affairs\/va.gov-research-repository\/labels\/Oracle%20Health%20integration"",""attachment"":{},""displayAsUrl"":false}",
"Office of Connected Care",Miscellaneous,"{""originalUrl"":""https:\/\/github.com\/department-of-veterans-affairs\/va.gov-research-repository\/labels\/Office%20of%20Connected%20Care"",""attachment"":{},""displayAsUrl"":false}",
Medallions,Miscellaneous,"{""originalUrl"":""https:\/\/github.com\/department-of-veterans-affairs\/va.gov-research-repository\/labels\/Medallions"",""attachment"":{},""displayAsUrl"":false}",
"IIR: Veteran Onboarding",Miscellaneous,"{""originalUrl"":""https:\/\/github.com\/department-of-veterans-affairs\/va.gov-research-repository\/labels\/IIR%3A%20Veteran%20Onboarding"",""attachment"":{},""displayAsUrl"":false}",
"Benefits Delivery at Discharge",Miscellaneous,"{""originalUrl"":""https:\/\/github.com\/department-of-veterans-affairs\/va.gov-research-repository\/labels\/DSCHRG%3A%20Benefits%20Delivery%20at%20Discharge"",""attachment"":{},""displayAsUrl"":false}",
"Google Dialogflow IVR
Third Party Tool",Miscellaneous,"{""originalUrl"":""https:\/\/github.com\/department-of-veterans-affairs\/va.gov-research-repository\/labels\/3RDPTY%3A%20Google%20Dialogflow%20IVR"",""attachment"":{},""displayAsUrl"":false}",
"eScreening Screening Tool",Miscellaneous,"{""originalUrl"":""https:\/\/github.com\/department-of-veterans-affairs\/va.gov-research-repository\/labels\/eScreening%20Screening%20Tool"",""attachment"":{},""displayAsUrl"":false}",
"Development Letters",Miscellaneous,"{""originalUrl"":""https:\/\/github.com\/department-of-veterans-affairs\/va.gov-research-repository\/labels\/development%20letters"",""attachment"":{},""displayAsUrl"":false}",
"Clinical Reminders Health Questionainres",Miscellaneous,"{""originalUrl"":""https:\/\/github.com\/department-of-veterans-affairs\/va.gov-research-repository\/labels\/Clinical%20Reminders%20Health%20Questionainres"",""attachment"":{},""displayAsUrl"":false}",
"Claims Status Timeline",Miscellaneous,"{""originalUrl"":""https:\/\/github.com\/department-of-veterans-affairs\/va.gov-research-repository\/labels\/CLMSTS%3A%20Timeline"",""attachment"":{},""displayAsUrl"":false}",
"Claims Status Tool Document status",Miscellaneous,"{""originalUrl"":""https:\/\/github.com\/department-of-veterans-affairs\/va.gov-research-repository\/labels\/CST%20Document%20status"",""attachment"":{},""displayAsUrl"":false}",
"Claims Status",Miscellaneous,"{""originalUrl"":""https:\/\/github.com\/department-of-veterans-affairs\/va.gov-research-repository\/labels\/Claims%20Status"",""attachment"":{},""displayAsUrl"":false}",
"BHL Screening Tool",Miscellaneous,"{""originalUrl"":""https:\/\/github.com\/department-of-veterans-affairs\/va.gov-research-repository\/labels\/BHL%20Screening%20Tool"",""attachment"":{},""displayAsUrl"":false}",
Lighthouse,"Veteran Affairs Team","{""originalUrl"":""https:\/\/github.com\/department-of-veterans-affairs\/va.gov-research-repository\/labels\/VAT%3A%20Lighthouse"",""attachment"":{},""displayAsUrl"":false}",
Modality,"VA Online Scheduling","{""originalUrl"":""https:\/\/github.com\/department-of-veterans-affairs\/va.gov-research-repository\/labels\/VAOS%3A%20Modality"",""attachment"":{},""displayAsUrl"":false}",
"A/B Test","Research Method","{""originalUrl"":""https:\/\/github.com\/department-of-veterans-affairs\/va.gov-research-repository\/labels\/RESRCH%3A%20A%2FB%20Test"",""attachment"":{},""displayAsUrl"":false}",
"Generative (discovery)","Research Method","{""originalUrl"":""https:\/\/github.com\/department-of-veterans-affairs\/va.gov-research-repository\/labels\/RESRCH%3A%20Generative%20%28discovery%29"",""attachment"":{},""displayAsUrl"":false}",
"Usability Testing","Research Method","{""originalUrl"":""https:\/\/github.com\/department-of-veterans-affairs\/va.gov-research-repository\/labels\/RESRCH%3A%20Usability%20Testing"",""attachment"":{},""displayAsUrl"":false}",
Unmoderated,"Research Method","{""originalUrl"":""https:\/\/github.com\/department-of-veterans-affairs\/va.gov-research-repository\/labels\/RESRCH%3A%20Unmoderated"",""attachment"":{},""displayAsUrl"":false}",
"Tree Test","Research Method","{""originalUrl"":""https:\/\/github.com\/department-of-veterans-affairs\/va.gov-research-repository\/labels\/RESRCH%3A%20Tree%20Test"",""attachment"":{},""displayAsUrl"":false}",
"Service Map","Research Method","{""originalUrl"":""https:\/\/github.com\/department-of-veterans-affairs\/va.gov-research-repository\/labels\/RESRCH%3A%20Service%20Map"",""attachment"":{},""displayAsUrl"":false}",
Remote,"Research Method","{""originalUrl"":""https:\/\/github.com\/department-of-veterans-affairs\/va.gov-research-repository\/labels\/RESRCH%3A%20Remote"",""attachment"":{},""displayAsUrl"":false}",
Interviews,"Research Method","{""originalUrl"":""https:\/\/github.com\/department-of-veterans-affairs\/va.gov-research-repository\/labels\/RESRCH%3A%20Interviews"",""attachment"":{},""displayAsUrl"":false}",
In-person,"Research Method","{""originalUrl"":""https:\/\/github.com\/department-of-veterans-affairs\/va.gov-research-repository\/labels\/RESRCH%3A%20In-person"",""attachment"":{},""displayAsUrl"":false}",
"Heat Map","Research Method","{""originalUrl"":""https:\/\/github.com\/department-of-veterans-affairs\/va.gov-research-repository\/labels\/RESRCH%3A%20Heat%20Map"",""attachment"":{},""displayAsUrl"":false}",
Evaluative,"Research Method","{""originalUrl"":""https:\/\/github.com\/department-of-veterans-affairs\/va.gov-research-repository\/labels\/RESRCH%3A%20Evaluative"",""attachment"":{},""displayAsUrl"":false}",
Chatbot,"Software Tested","{""originalUrl"":""https:\/\/github.com\/department-of-veterans-affairs\/va.gov-research-repository\/labels\/SFTW%3A%20Chatbot"",""attachment"":{},""displayAsUrl"":false}",
Ethnography,"Research Method","{""originalUrl"":""https:\/\/github.com\/department-of-veterans-affairs\/va.gov-research-repository\/labels\/RESRCH%3A%20Ethnography"",""attachment"":{},""displayAsUrl"":false}",
"Diary Study","Research Method","{""originalUrl"":""https:\/\/github.com\/department-of-veterans-affairs\/va.gov-research-repository\/labels\/RESRCH%3A%20Diary%20Study"",""attachment"":{},""displayAsUrl"":false}",
"Desk Research","Research Method","{""originalUrl"":""https:\/\/github.com\/department-of-veterans-affairs\/va.gov-research-repository\/labels\/RESRCH%3A%20Desk%20Research"",""attachment"":{},""displayAsUrl"":false}",
"Concept Testing","Research Method","{""originalUrl"":""https:\/\/github.com\/department-of-veterans-affairs\/va.gov-research-repository\/labels\/RESRCH%3A%20Concept%20Testing"",""attachment"":{},""displayAsUrl"":false}",
"Comprehension testing","Research Method","{""originalUrl"":""https:\/\/github.com\/department-of-veterans-affairs\/va.gov-research-repository\/labels\/RESRCH%3A%20Comprehension%20testing"",""attachment"":{},""displayAsUrl"":false}",
Co-Design,"Research Method","{""originalUrl"":""https:\/\/github.com\/department-of-veterans-affairs\/va.gov-research-repository\/labels\/RESRCH%3A%20Co-Design"",""attachment"":{},""displayAsUrl"":false}",
"Card Sort","Research Method","{""originalUrl"":""https:\/\/github.com\/department-of-veterans-affairs\/va.gov-research-repository\/labels\/RESRCH%3A%20Card%20Sort"",""attachment"":{},""displayAsUrl"":false}",
Analytics,"Research Method","{""originalUrl"":""https:\/\/github.com\/department-of-veterans-affairs\/va.gov-research-repository\/labels\/RESRCH%3A%20Analytics"",""attachment"":{},""displayAsUrl"":false}",
"User Acceptance Testing","Research Method","{""originalUrl"":""https:\/\/github.com\/department-of-veterans-affairs\/va.gov-research-repository\/labels\/RESRCH%3A%20User%20Acceptance%20Testing"",""attachment"":{},""displayAsUrl"":false}",
"Live Agent","Software Tested","{""originalUrl"":""https:\/\/github.com\/department-of-veterans-affairs\/va.gov-research-repository\/labels\/SFTW%3A%20Live%20Agent"",""attachment"":{},""displayAsUrl"":false}",
"Details Page","VA Online Scheduling","{""originalUrl"":""https:\/\/github.com\/department-of-veterans-affairs\/va.gov-research-repository\/labels\/VAOS%3A%20Details%20Page"",""attachment"":{},""displayAsUrl"":false}",
LGBTQ+,"Specific Group","{""originalUrl"":""https:\/\/github.com\/department-of-veterans-affairs\/va.gov-research-repository\/labels\/SPG%3A%20LGBTQ%2B"",""attachment"":{},""displayAsUrl"":false}",
"Appointment List","VA Online Scheduling","{""originalUrl"":""https:\/\/github.com\/department-of-veterans-affairs\/va.gov-research-repository\/labels\/VAOS%3A%20Appointment%20List"",""attachment"":{},""displayAsUrl"":false}",
"Manage appointments",Task,"{""originalUrl"":""https:\/\/github.com\/department-of-veterans-affairs\/va.gov-research-repository\/labels\/TASK%3A%20Manage%20appointments"",""attachment"":{},""displayAsUrl"":false}",
"Vets at VSOs","Specific Group","{""originalUrl"":""https:\/\/github.com\/department-of-veterans-affairs\/va.gov-research-repository\/labels\/SPG%3A%20Vets%20at%20VSOs"",""attachment"":{},""displayAsUrl"":false}",
"Toxic Exposure","Specific Group","{""originalUrl"":""https:\/\/github.com\/department-of-veterans-affairs\/va.gov-research-repository\/labels\/SPG%3A%20Toxic%20Exposure"",""attachment"":{},""displayAsUrl"":false}",
Suicide,"Specific Group","{""originalUrl"":""https:\/\/github.com\/department-of-veterans-affairs\/va.gov-research-repository\/labels\/SPG%3A%20Suicide"",""attachment"":{},""displayAsUrl"":false}",
PTSD,"Specific Group","{""originalUrl"":""https:\/\/github.com\/department-of-veterans-affairs\/va.gov-research-repository\/labels\/SPG%3A%20PTSD"",""attachment"":{},""displayAsUrl"":false}",
Prosthetic,"Specific Group","{""originalUrl"":""https:\/\/github.com\/department-of-veterans-affairs\/va.gov-research-repository\/labels\/SPG%3A%20Prosthetic"",""attachment"":{},""displayAsUrl"":false}",
"Mental Health","Specific Group","{""originalUrl"":""https:\/\/github.com\/department-of-veterans-affairs\/va.gov-research-repository\/labels\/SPG%3A%20Mental%20Health"",""attachment"":{},""displayAsUrl"":false}",
Homeless,"Specific Group","{""originalUrl"":""https:\/\/github.com\/department-of-veterans-affairs\/va.gov-research-repository\/labels\/SPG%3A%20Homeless"",""attachment"":{},""displayAsUrl"":false}",
"Mobile Web","Software Tested","{""originalUrl"":""https:\/\/github.com\/department-of-veterans-affairs\/va.gov-research-repository\/labels\/SFTW%3A%20mobile%20web"",""attachment"":{},""displayAsUrl"":false}",
Depression,"Specific Group","{""originalUrl"":""https:\/\/github.com\/department-of-veterans-affairs\/va.gov-research-repository\/labels\/SPG%3A%20Depression"",""attachment"":{},""displayAsUrl"":false}",
"Cognitive Consideration","Specific Group","{""originalUrl"":""https:\/\/github.com\/department-of-veterans-affairs\/va.gov-research-repository\/labels\/SPG%3A%20Cognitive%20Consideration"",""attachment"":{},""displayAsUrl"":false}",
"Burn Pit","Specific Group","{""originalUrl"":""https:\/\/github.com\/department-of-veterans-affairs\/va.gov-research-repository\/labels\/SPG%3A%20Burn%20Pit"",""attachment"":{},""displayAsUrl"":false}",
"Blind/Visually Impaired","Specific Group","{""originalUrl"":""https:\/\/github.com\/department-of-veterans-affairs\/va.gov-research-repository\/labels\/SPG%3A%20Blind%2FVisually%20Impaired"",""attachment"":{},""displayAsUrl"":false}",
"Agent Orange","Specific Group","{""originalUrl"":""https:\/\/github.com\/department-of-veterans-affairs\/va.gov-research-repository\/labels\/SPG%3A%20Agent%20Orange"",""attachment"":{},""displayAsUrl"":false}",
Website,"Software Tested","{""originalUrl"":""https:\/\/github.com\/department-of-veterans-affairs\/va.gov-research-repository\/labels\/SFTW%3A%20Website"",""attachment"":{},""displayAsUrl"":false}",
Screenreader,"Software Tested","{""originalUrl"":""https:\/\/github.com\/department-of-veterans-affairs\/va.gov-research-repository\/labels\/SFTW%3A%20Screenreader"",""attachment"":{},""displayAsUrl"":false}",
"Native App","Software Tested","{""originalUrl"":""https:\/\/github.com\/department-of-veterans-affairs\/va.gov-research-repository\/labels\/SFTW%3A%20Native%20App"",""attachment"":{},""displayAsUrl"":false}",
DD-214,Product,"{""originalUrl"":""https:\/\/github.com\/department-of-veterans-affairs\/va.gov-research-repository\/labels\/PRDT%3A%20DD-214"",""attachment"":{},""displayAsUrl"":false}",
COVID-vaccine-distribution,Product,"{""originalUrl"":""https:\/\/github.com\/department-of-veterans-affairs\/va.gov-research-repository\/labels\/PRDT%3A%20COVID-vaccine-distribution"",""attachment"":{},""displayAsUrl"":false}",
Caregivers,Audiences,"{""originalUrl"":""https:\/\/github.com\/department-of-veterans-affairs\/va.gov-research-repository\/labels\/AUD%3A%20Caregivers"",""attachment"":{},""displayAsUrl"":false}",
"Form - Select","Design System Components","{""originalUrl"":""https:\/\/github.com\/department-of-veterans-affairs\/va.gov-research-repository\/labels\/DSC%3A%20Form%20-%20Select"",""attachment"":{},""displayAsUrl"":false}",
Icon,"Design System Components","{""originalUrl"":""https:\/\/github.com\/department-of-veterans-affairs\/va.gov-research-repository\/labels\/DSC%3A%20Icon"",""attachment"":{},""displayAsUrl"":false}",
"Horizontal rules","Design System Components","{""originalUrl"":""https:\/\/github.com\/department-of-veterans-affairs\/va.gov-research-repository\/labels\/DSC%3A%20Horizontal%20rules"",""attachment"":{},""displayAsUrl"":false}",
"Hint Text","Design System Components","{""originalUrl"":""https:\/\/github.com\/department-of-veterans-affairs\/va.gov-research-repository\/labels\/DSC%3A%20Hint%20Text"",""attachment"":{},""displayAsUrl"":false}",
"Header - Minimal","Design System Components","{""originalUrl"":""https:\/\/github.com\/department-of-veterans-affairs\/va.gov-research-repository\/labels\/DSC%3A%20Header%20-%20Minimal"",""attachment"":{},""displayAsUrl"":false}",
Header,"Design System Components","{""originalUrl"":""https:\/\/github.com\/department-of-veterans-affairs\/va.gov-research-repository\/labels\/DSC%3A%20Header"",""attachment"":{},""displayAsUrl"":false}",
"Form controls","Design System Components","{""originalUrl"":""https:\/\/github.com\/department-of-veterans-affairs\/va.gov-research-repository\/labels\/DSC%3A%20Form%20controls"",""attachment"":{},""displayAsUrl"":false}",
"Form - Text area","Design System Components","{""originalUrl"":""https:\/\/github.com\/department-of-veterans-affairs\/va.gov-research-repository\/labels\/DSC%3A%20Form%20-%20Textarea"",""attachment"":{},""displayAsUrl"":false}",
"Form - Statement of truth","Design System Components","{""originalUrl"":""https:\/\/github.com\/department-of-veterans-affairs\/va.gov-research-repository\/labels\/DSC%3A%20Form%20-%20Statement%20of%20truth"",""attachment"":{},""displayAsUrl"":false}",
"Form - Radio button","Design System Components","{""originalUrl"":""https:\/\/github.com\/department-of-veterans-affairs\/va.gov-research-repository\/labels\/DSC%3A%20Form%20-%20Radio%20button"",""attachment"":{},""displayAsUrl"":false}",
Label,"Design System Components","{""originalUrl"":""https:\/\/github.com\/department-of-veterans-affairs\/va.gov-research-repository\/labels\/DSC%3A%20Label"",""attachment"":{},""displayAsUrl"":false}",
"Form - Prefill","Design System Components","{""originalUrl"":""https:\/\/github.com\/department-of-veterans-affairs\/va.gov-research-repository\/labels\/DSC%3A%20Form%20-%20Prefill"",""attachment"":{},""displayAsUrl"":false}",
"Form - Penalty notice","Design System Components","{""originalUrl"":""https:\/\/github.com\/department-of-veterans-affairs\/va.gov-research-repository\/labels\/DSC%3A%20Form%20-%20Penalty%20notice"",""attachment"":{},""displayAsUrl"":false}",
"Form - Overview","Design System Components","{""originalUrl"":""https:\/\/github.com\/department-of-veterans-affairs\/va.gov-research-repository\/labels\/DSC%3A%20Form%20-%20Overview"",""attachment"":{},""displayAsUrl"":false}",
"Form - Need help?","Design System Components","{""originalUrl"":""https:\/\/github.com\/department-of-veterans-affairs\/va.gov-research-repository\/labels\/DSC%3A%20Form%20-%20Need%20help%3F"",""attachment"":{},""displayAsUrl"":false}",
"Form - File input","Design System Components","{""originalUrl"":""https:\/\/github.com\/department-of-veterans-affairs\/va.gov-research-repository\/labels\/DSC%3A%20Form%20-%20File%20input"",""attachment"":{},""displayAsUrl"":false}",
"Form - Date input","Design System Components","{""originalUrl"":""https:\/\/github.com\/department-of-veterans-affairs\/va.gov-research-repository\/labels\/DSC%3A%20Form%20-%20Date%20input"",""attachment"":{},""displayAsUrl"":false}",
"Form - Autosave","Design System Components","{""originalUrl"":""https:\/\/github.com\/department-of-veterans-affairs\/va.gov-research-repository\/labels\/DSC%3A%20Form%20-%20Autosave"",""attachment"":{},""displayAsUrl"":false}",
Form,"Design System Components","{""originalUrl"":""https:\/\/github.com\/department-of-veterans-affairs\/va.gov-research-repository\/labels\/DSC%3A%20Form"",""attachment"":{},""displayAsUrl"":false}",
"Input message","Design System Components","{""originalUrl"":""https:\/\/github.com\/department-of-veterans-affairs\/va.gov-research-repository\/labels\/DSC%3A%20Input%20message"",""attachment"":{},""displayAsUrl"":false}",
"Link - Action","Design System Components","{""originalUrl"":""https:\/\/github.com\/department-of-veterans-affairs\/va.gov-research-repository\/labels\/DSC%3A%20Link%20-%20Action"",""attachment"":{},""displayAsUrl"":false}",
Footer,"Design System Components","{""originalUrl"":""https:\/\/github.com\/department-of-veterans-affairs\/va.gov-research-repository\/labels\/DSC%3A%20Footer"",""attachment"":{},""displayAsUrl"":false}",
"Process list","Design System Components","{""originalUrl"":""https:\/\/github.com\/department-of-veterans-affairs\/va.gov-research-repository\/labels\/DSC%3A%20Process%20list"",""attachment"":{},""displayAsUrl"":false}",
Tabs,"Design System Components","{""originalUrl"":""https:\/\/github.com\/department-of-veterans-affairs\/va.gov-research-repository\/labels\/DSC%3A%20Tabs"",""attachment"":{},""displayAsUrl"":false}",
Table,"Design System Components","{""originalUrl"":""https:\/\/github.com\/department-of-veterans-affairs\/va.gov-research-repository\/labels\/DSC%3A%20Table"",""attachment"":{},""displayAsUrl"":false}",
"Summary box","Design System Components","{""originalUrl"":""https:\/\/github.com\/department-of-veterans-affairs\/va.gov-research-repository\/labels\/DSC%3A%20Summary%20box"",""attachment"":{},""displayAsUrl"":false}",
Sidenav,"Design System Components","{""originalUrl"":""https:\/\/github.com\/department-of-veterans-affairs\/va.gov-research-repository\/labels\/DSC%3A%20Sidenav"",""attachment"":{},""displayAsUrl"":false}",
"Service List Item","Design System Components","{""originalUrl"":""https:\/\/github.com\/department-of-veterans-affairs\/va.gov-research-repository\/labels\/DSC%3A%20Service%20List%20Item"",""attachment"":{},""displayAsUrl"":false}",
"Search Input","Design System Components","{""originalUrl"":""https:\/\/github.com\/department-of-veterans-affairs\/va.gov-research-repository\/labels\/DSC%3A%20Search%20Input"",""attachment"":{},""displayAsUrl"":false}",
"Promo banners","Design System Components","{""originalUrl"":""https:\/\/github.com\/department-of-veterans-affairs\/va.gov-research-repository\/labels\/DSC%3A%20Promo%20banners"",""attachment"":{},""displayAsUrl"":false}",
"Progress bars","Design System Components","{""originalUrl"":""https:\/\/github.com\/department-of-veterans-affairs\/va.gov-research-repository\/labels\/DSC%3A%20Progress%20bars"",""attachment"":{},""displayAsUrl"":false}",
"Privacy agreement","Design System Components","{""originalUrl"":""https:\/\/github.com\/department-of-veterans-affairs\/va.gov-research-repository\/labels\/DSC%3A%20Privacy%20agreement"",""attachment"":{},""displayAsUrl"":false}",
"Link - Collection","Design System Components","{""originalUrl"":""https:\/\/github.com\/department-of-veterans-affairs\/va.gov-research-repository\/labels\/DSC%3A%20Link%20-%20Collection"",""attachment"":{},""displayAsUrl"":false}",
Pagination,"Design System Components","{""originalUrl"":""https:\/\/github.com\/department-of-veterans-affairs\/va.gov-research-repository\/labels\/DSC%3A%20Pagination"",""attachment"":{},""displayAsUrl"":false}",
"On this page jump link","Design System Components","{""originalUrl"":""https:\/\/github.com\/department-of-veterans-affairs\/va.gov-research-repository\/labels\/DSC%3A%20On%20this%20page%20jump%20link"",""attachment"":{},""displayAsUrl"":false}",
"OMB info","Design System Components","{""originalUrl"":""https:\/\/github.com\/department-of-veterans-affairs\/va.gov-research-repository\/labels\/DSC%3A%20OMB%20info"",""attachment"":{},""displayAsUrl"":false}",
"Modal - Crisis Line modal","Design System Components","{""originalUrl"":""https:\/\/github.com\/department-of-veterans-affairs\/va.gov-research-repository\/labels\/DSC%3A%20Modal%20-%20Crisis%20Line%20modal"",""attachment"":{},""displayAsUrl"":false}",
Modal,"Design System Components","{""originalUrl"":""https:\/\/github.com\/department-of-veterans-affairs\/va.gov-research-repository\/labels\/DSC%3A%20Modal"",""attachment"":{},""displayAsUrl"":false}",
"Memorable date","Design System Components","{""originalUrl"":""https:\/\/github.com\/department-of-veterans-affairs\/va.gov-research-repository\/labels\/DSC%3A%20Memorable%20date"",""attachment"":{},""displayAsUrl"":false}",
"Loading indicators","Design System Components","{""originalUrl"":""https:\/\/github.com\/department-of-veterans-affairs\/va.gov-research-repository\/labels\/DSC%3A%20Loading%20indicators"",""attachment"":{},""displayAsUrl"":false}",
Links,"Design System Components","{""originalUrl"":""https:\/\/github.com\/department-of-veterans-affairs\/va.gov-research-repository\/labels\/DSC%3A%20Links"",""attachment"":{},""displayAsUrl"":false}",
"Footer - Minimal","Design System Components","{""originalUrl"":""https:\/\/github.com\/department-of-veterans-affairs\/va.gov-research-repository\/labels\/DSC%3A%20Footer%20-%20Minimal"",""attachment"":{},""displayAsUrl"":false}",
Feedback,"Design System Components","{""originalUrl"":""https:\/\/github.com\/department-of-veterans-affairs\/va.gov-research-repository\/labels\/DSC%3A%20Feedback"",""attachment"":{},""displayAsUrl"":false}",
Telephone,"Design System Components","{""originalUrl"":""https:\/\/github.com\/department-of-veterans-affairs\/va.gov-research-repository\/labels\/DSC%3A%20Telephone"",""attachment"":{},""displayAsUrl"":false}",
"Travel Office Staff",Audiences,"{""originalUrl"":""https:\/\/github.com\/department-of-veterans-affairs\/va.gov-research-repository\/labels\/AUD%3A%20Travel%20Office%20staff"",""attachment"":{},""displayAsUrl"":false}",
Housing,Benefits,"{""originalUrl"":""https:\/\/github.com\/department-of-veterans-affairs\/va.gov-research-repository\/labels\/BNFT%3A%20Housing"",""attachment"":{},""displayAsUrl"":false}",
Healthcare,Benefits,"{""originalUrl"":""https:\/\/github.com\/department-of-veterans-affairs\/va.gov-research-repository\/labels\/BNFT%3A%20Healthcare"",""attachment"":{},""displayAsUrl"":false}",
Finances,Benefits,"{""originalUrl"":""https:\/\/github.com\/department-of-veterans-affairs\/va.gov-research-repository\/labels\/BNFT%3A%20Finances"",""attachment"":{},""displayAsUrl"":false}",
Employment,Benefits,"{""originalUrl"":""https:\/\/github.com\/department-of-veterans-affairs\/va.gov-research-repository\/labels\/BNFT%3A%20Employment"",""attachment"":{},""displayAsUrl"":false}",
Education,Benefits,"{""originalUrl"":""https:\/\/github.com\/department-of-veterans-affairs\/va.gov-research-repository\/labels\/BNFT%3A%20Education"",""attachment"":{},""displayAsUrl"":false}",
Disability,Benefits,"{""originalUrl"":""https:\/\/github.com\/department-of-veterans-affairs\/va.gov-research-repository\/labels\/BNFT%3A%20Disability"",""attachment"":{},""displayAsUrl"":false}",
"Veteran Service Office (VSO)",Audiences,"{""originalUrl"":""https:\/\/github.com\/department-of-veterans-affairs\/va.gov-research-repository\/labels\/AUD%3A%20VSOs"",""attachment"":{},""displayAsUrl"":false}",
Veterans,Audiences,"{""originalUrl"":""https:\/\/github.com\/department-of-veterans-affairs\/va.gov-research-repository\/labels\/AUD%3A%20Veterans"",""attachment"":{},""displayAsUrl"":false}",
"Surviving Family",Audiences,,
Accordions,"Design System Components","{""originalUrl"":""https:\/\/github.com\/department-of-veterans-affairs\/va.gov-research-repository\/labels\/DSC%3A%20Accordions"",""attachment"":{},""displayAsUrl"":false}",
"VA Staff",Audiences,,
"Service Members",Audiences,"{""originalUrl"":""https:\/\/github.com\/department-of-veterans-affairs\/va.gov-research-repository\/labels\/AUD%3A%20Service%20Members"",""attachment"":{},""displayAsUrl"":false}",
"School Certifying Official (SCO)",Audiences,"{""originalUrl"":""https:\/\/github.com\/department-of-veterans-affairs\/va.gov-research-repository\/labels\/AUD%3A%20School%20Certifying%20Officials%20%28SCO%29"",""attachment"":{},""displayAsUrl"":false}",
"Internal VA Stakeholders",Audiences,"{""originalUrl"":""https:\/\/github.com\/department-of-veterans-affairs\/va.gov-research-repository\/labels\/AUD%3A%20Internal%20VA%20Stakeholders"",""attachment"":{},""displayAsUrl"":false}",
"Family Member",Audiences,"{""originalUrl"":""https:\/\/github.com\/department-of-veterans-affairs\/va.gov-research-repository\/labels\/AUD%3A%20Family%20member"",""attachment"":{},""displayAsUrl"":false}",
Dependents,Audiences,"{""originalUrl"":""https:\/\/github.com\/department-of-veterans-affairs\/va.gov-research-repository\/labels\/AUD%3A%20Dependents"",""attachment"":{},""displayAsUrl"":false}",
"Contact Center",Audiences,"{""originalUrl"":""https:\/\/github.com\/department-of-veterans-affairs\/va.gov-research-repository\/labels\/AUD%3A%20Contact%20Center"",""attachment"":{},""displayAsUrl"":false}",
"Claims Agents",Audiences,"{""originalUrl"":""https:\/\/github.com\/department-of-veterans-affairs\/va.gov-research-repository\/labels\/AUD%3A%20Claims%20Agents"",""attachment"":{},""displayAsUrl"":false}",
Memorialization,Benefits,"{""originalUrl"":""https:\/\/github.com\/department-of-veterans-affairs\/va.gov-research-repository\/labels\/BNFT%3A%20Memorialization"",""attachment"":{},""displayAsUrl"":false}",
"Additional info","Design System Components","{""originalUrl"":""https:\/\/github.com\/department-of-veterans-affairs\/va.gov-research-repository\/labels\/DSC%3A%20Additional%20info"",""attachment"":{},""displayAsUrl"":false}",
"Featured content","Design System Components","{""originalUrl"":""https:\/\/github.com\/department-of-veterans-affairs\/va.gov-research-repository\/labels\/DSC%3A%20Featured%20content"",""attachment"":{},""displayAsUrl"":false}",
"Button - Icon","Design System Components","{""originalUrl"":""https:\/\/github.com\/department-of-veterans-affairs\/va.gov-research-repository\/labels\/DSC%3A%20Button%20-%20Icon"",""attachment"":{},""displayAsUrl"":false}",
Experimental,"Design System Components","{""originalUrl"":""https:\/\/github.com\/department-of-veterans-affairs\/va.gov-research-repository\/labels\/DSC%3A%20Experimental"",""attachment"":{},""displayAsUrl"":false}",
"Drug Image","Design System Components","{""originalUrl"":""https:\/\/github.com\/department-of-veterans-affairs\/va.gov-research-repository\/labels\/DSC%3A%20Drug%20Image"",""attachment"":{},""displayAsUrl"":false}",
Divider,"Design System Components","{""originalUrl"":""https:\/\/github.com\/department-of-veterans-affairs\/va.gov-research-repository\/labels\/DSC%3A%20Divider"",""attachment"":{},""displayAsUrl"":false}",
"Crisis Line Modal","Design System Components","{""originalUrl"":""https:\/\/github.com\/department-of-veterans-affairs\/va.gov-research-repository\/labels\/DSC%3A%20Crisis%20Line%20Modal"",""attachment"":{},""displayAsUrl"":false}",
Checkbox,"Design System Components","{""originalUrl"":""https:\/\/github.com\/department-of-veterans-affairs\/va.gov-research-repository\/labels\/DSC%3A%20Checkbox"",""attachment"":{},""displayAsUrl"":false}",
"Checkbox group tile","Design System Components","{""originalUrl"":""https:\/\/github.com\/department-of-veterans-affairs\/va.gov-research-repository\/labels\/DSC%3A%20Checkbox%20group%20tile"",""attachment"":{},""displayAsUrl"":false}",
Card,"Design System Components","{""originalUrl"":""https:\/\/github.com\/department-of-veterans-affairs\/va.gov-research-repository\/labels\/DSC%3A%20Card"",""attachment"":{},""displayAsUrl"":false}",
"Button group","Design System Components","{""originalUrl"":""https:\/\/github.com\/department-of-veterans-affairs\/va.gov-research-repository\/labels\/DSC%3A%20Button%20group"",""attachment"":{},""displayAsUrl"":false}",
Button,"Design System Components","{""originalUrl"":""https:\/\/github.com\/department-of-veterans-affairs\/va.gov-research-repository\/labels\/DSC%3A%20Button"",""attachment"":{},""displayAsUrl"":false}",
"Address block","Design System Components","{""originalUrl"":""https:\/\/github.com\/department-of-veterans-affairs\/va.gov-research-repository\/labels\/DSC%3A%20Address%20block"",""attachment"":{},""displayAsUrl"":false}",
Breadcrumbs,"Design System Components","{""originalUrl"":""https:\/\/github.com\/department-of-veterans-affairs\/va.gov-research-repository\/labels\/DSC%3A%20Breadcrumbs"",""attachment"":{},""displayAsUrl"":false}",
Banner,"Design System Components","{""originalUrl"":""https:\/\/github.com\/department-of-veterans-affairs\/va.gov-research-repository\/labels\/DSC%3A%20Banner"",""attachment"":{},""displayAsUrl"":false}",
"Banner - Official Gov","Design System Components","{""originalUrl"":""https:\/\/github.com\/department-of-veterans-affairs\/va.gov-research-repository\/labels\/DSC%3A%20Banner%20-%20Official%20Gov"",""attachment"":{},""displayAsUrl"":false}",
"Banner - Maintenance","Design System Components","{""originalUrl"":""https:\/\/github.com\/department-of-veterans-affairs\/va.gov-research-repository\/labels\/DSC%3A%20Banner%20-%20Maintenance"",""attachment"":{},""displayAsUrl"":false}",
"Back to top","Design System Components","{""originalUrl"":""https:\/\/github.com\/department-of-veterans-affairs\/va.gov-research-repository\/labels\/DSC%3A%20Back%20to%20top"",""attachment"":{},""displayAsUrl"":false}",
"Alert boxes","Design System Components","{""originalUrl"":""https:\/\/github.com\/department-of-veterans-affairs\/va.gov-research-repository\/labels\/DSC%3A%20Alert%20boxes"",""attachment"":{},""displayAsUrl"":false}",
"Alert - Sign-In","Design System Components","{""originalUrl"":""https:\/\/github.com\/department-of-veterans-affairs\/va.gov-research-repository\/labels\/DSC%3A%20Alert%20-%20Sign-In"",""attachment"":{},""displayAsUrl"":false}",
"Alert - Expandable","Design System Components","{""originalUrl"":""https:\/\/github.com\/department-of-veterans-affairs\/va.gov-research-repository\/labels\/DSC%3A%20Alert%20-%20Expandable"",""attachment"":{},""displayAsUrl"":false}",
Tag,"Design System Components","{""originalUrl"":""https:\/\/github.com\/department-of-veterans-affairs\/va.gov-research-repository\/labels\/DSC%3A%20Tag"",""attachment"":{},""displayAsUrl"":false}",
"Text input","Design System Components","{""originalUrl"":""https:\/\/github.com\/department-of-veterans-affairs\/va.gov-research-repository\/labels\/DSC%3A%20Text%20input"",""attachment"":{},""displayAsUrl"":false}",
COVID-screener,Product,"{""originalUrl"":""https:\/\/github.com\/department-of-veterans-affairs\/va.gov-research-repository\/labels\/PRDT%3A%20COVID-screener"",""attachment"":{},""displayAsUrl"":false}",
"CX Executive Order",Initiative,"{""originalUrl"":""https:\/\/github.com\/department-of-veterans-affairs\/va.gov-research-repository\/labels\/INTIVE%3A%20CX%20Executive%20Order"",""attachment"":{},""displayAsUrl"":false}",
Appoitnments,"MyHealtheVet Product","{""originalUrl"":""https:\/\/github.com\/department-of-veterans-affairs\/va.gov-research-repository\/labels\/MHV%3A%20Appointments"",""attachment"":{},""displayAsUrl"":false}",
"Admin Portal","MyHealtheVet Product","{""originalUrl"":""https:\/\/github.com\/department-of-veterans-affairs\/va.gov-research-repository\/labels\/MHV%3A%20Admin%20Portal"",""attachment"":{},""displayAsUrl"":false}",
Self-Service,"Memorial Benefits Service","{""originalUrl"":""https:\/\/github.com\/department-of-veterans-affairs\/va.gov-research-repository\/labels\/MBS%3A%20Self-Service"",""attachment"":{},""displayAsUrl"":false}",
Pre-need,"Memorial Benefits Service","{""originalUrl"":""https:\/\/github.com\/department-of-veterans-affairs\/va.gov-research-repository\/labels\/MBS%3A%20Pre-need"",""attachment"":{},""displayAsUrl"":false}",
"Platform Research","Internal Research","{""originalUrl"":""https:\/\/github.com\/department-of-veterans-affairs\/va.gov-research-repository\/labels\/INTRNL%3A%20Platform%20Research"",""attachment"":{},""displayAsUrl"":false}",
"Content Management System","Internal Research","{""originalUrl"":""https:\/\/github.com\/department-of-veterans-affairs\/va.gov-research-repository\/labels\/INTRNL%3A%20Content%20Management%20System"",""attachment"":{},""displayAsUrl"":false}",
"Toxic exposure",Initiative,"{""originalUrl"":""https:\/\/github.com\/department-of-veterans-affairs\/va.gov-research-repository\/labels\/INTIVE%3A%20Toxic%20exposure"",""attachment"":{},""displayAsUrl"":false}",
"PACT Act",Initiative,"{""originalUrl"":""https:\/\/github.com\/department-of-veterans-affairs\/va.gov-research-repository\/labels\/INTIVE%3A%20PACT%20Act"",""attachment"":{},""displayAsUrl"":false}",
Tablet,"Hardware Used for Testing","{""originalUrl"":""https:\/\/github.com\/department-of-veterans-affairs\/va.gov-research-repository\/labels\/HDW%3A%20Tablet"",""attachment"":{},""displayAsUrl"":false}",
"MyHealth (Health Hub)","MyHealtheVet Product","{""originalUrl"":""https:\/\/github.com\/department-of-veterans-affairs\/va.gov-research-repository\/labels\/MHV%3A%20MyHealth%20%28Health%20Hub%29"",""attachment"":{},""displayAsUrl"":false}",
Smartphone,"Hardware Used for Testing","{""originalUrl"":""https:\/\/github.com\/department-of-veterans-affairs\/va.gov-research-repository\/labels\/HDW%3A%20Smartphone"",""attachment"":{},""displayAsUrl"":false}",
Laptop,"Hardware Used for Testing","{""originalUrl"":""https:\/\/github.com\/department-of-veterans-affairs\/va.gov-research-repository\/labels\/HDW%3A%20Laptop"",""attachment"":{},""displayAsUrl"":false}",
Kiosk,"Hardware Used for Testing","{""originalUrl"":""https:\/\/github.com\/department-of-veterans-affairs\/va.gov-research-repository\/labels\/HDW%3A%20Kiosk"",""attachment"":{},""displayAsUrl"":false}",
Flip-phone,"Hardware Used for Testing","{""originalUrl"":""https:\/\/github.com\/department-of-veterans-affairs\/va.gov-research-repository\/labels\/HDW%3A%20Flip-phone"",""attachment"":{},""displayAsUrl"":false}",
Desktop,"Hardware Used for Testing","{""originalUrl"":""https:\/\/github.com\/department-of-veterans-affairs\/va.gov-research-repository\/labels\/HDW%3A%20Desktop"",""attachment"":{},""displayAsUrl"":false}",
Wizard,"Design System Pattern","{""originalUrl"":""https:\/\/github.com\/department-of-veterans-affairs\/va.gov-research-repository\/labels\/DSP%3A%20Wizard"",""attachment"":{},""displayAsUrl"":false}",
"Social security number or VA file number","Design System Pattern","{""originalUrl"":""https:\/\/github.com\/department-of-veterans-affairs\/va.gov-research-repository\/labels\/DSP%3A%20Social%20security%20number%20or%20VA%20file%20number"",""attachment"":{},""displayAsUrl"":false}",
"Show more options","Design System Pattern","{""originalUrl"":""https:\/\/github.com\/department-of-veterans-affairs\/va.gov-research-repository\/labels\/DSP%3A%20Show%20more%20options"",""attachment"":{},""displayAsUrl"":false}",
"Global or National Portal/Access","MyHealtheVet Product","{""originalUrl"":""https:\/\/github.com\/department-of-veterans-affairs\/va.gov-research-repository\/labels\/MHV%3A%20Global%20or%20National%20Portal%2FAccess"",""attachment"":{},""displayAsUrl"":false}",
"Patient Generated Health Data","MyHealtheVet Product","{""originalUrl"":""https:\/\/github.com\/department-of-veterans-affairs\/va.gov-research-repository\/labels\/MHV%3A%20Patient%20Generated%20Health%20Data"",""attachment"":{},""displayAsUrl"":false}",
Notifications,"Design System Pattern","{""originalUrl"":""https:\/\/github.com\/department-of-veterans-affairs\/va.gov-research-repository\/labels\/DSP%3A%20Notifications"",""attachment"":{},""displayAsUrl"":false}",
Benefit-letters,Product,"{""originalUrl"":""https:\/\/github.com\/department-of-veterans-affairs\/va.gov-research-repository\/labels\/PRDT%3A%20Benefit-letters"",""attachment"":{},""displayAsUrl"":false}",
Coronavirus-chatbot,Product,"{""originalUrl"":""https:\/\/github.com\/department-of-veterans-affairs\/va.gov-research-repository\/labels\/PRDT%3A%20Coronavirus-chatbot"",""attachment"":{},""displayAsUrl"":false}",
Content,Product,"{""originalUrl"":""https:\/\/github.com\/department-of-veterans-affairs\/va.gov-research-repository\/labels\/PRDT%3A%20Content"",""attachment"":{},""displayAsUrl"":false}",
"Contact us",Product,"{""originalUrl"":""https:\/\/github.com\/department-of-veterans-affairs\/va.gov-research-repository\/labels\/PRDT%3A%20Contact%20us"",""attachment"":{},""displayAsUrl"":false}",
"COE (Certificate of Eligibility/LGY)",Product,"{""originalUrl"":""https:\/\/github.com\/department-of-veterans-affairs\/va.gov-research-repository\/labels\/PRDT%3A%20COE%20%28Certificate%20of%20Eligibility%2FLGY%29"",""attachment"":{},""displayAsUrl"":false}",
Clinical-decision-support,Product,"{""originalUrl"":""https:\/\/github.com\/department-of-veterans-affairs\/va.gov-research-repository\/labels\/PRDT%3A%20Clinical-decision-support"",""attachment"":{},""displayAsUrl"":false}",
Claim-status-tool,Product,"{""originalUrl"":""https:\/\/github.com\/department-of-veterans-affairs\/va.gov-research-repository\/labels\/PRDT%3A%20Claim-status-tool"",""attachment"":{},""displayAsUrl"":false}",
Caregivers,Product,"{""originalUrl"":""https:\/\/github.com\/department-of-veterans-affairs\/va.gov-research-repository\/labels\/PRDT%3A%20Caregivers"",""attachment"":{},""displayAsUrl"":false}",
Burials-memorials,Product,"{""originalUrl"":""https:\/\/github.com\/department-of-veterans-affairs\/va.gov-research-repository\/labels\/PRDT%3A%20Burials-memorials"",""attachment"":{},""displayAsUrl"":false}",
"Benefit hubs",Product,"{""originalUrl"":""https:\/\/github.com\/department-of-veterans-affairs\/va.gov-research-repository\/labels\/PRDT%3A%20Benefit%20hubs"",""attachment"":{},""displayAsUrl"":false}",
"Personal Health Records/Medical Records","MyHealtheVet Product","{""originalUrl"":""https:\/\/github.com\/department-of-veterans-affairs\/va.gov-research-repository\/labels\/MHV%3A%20Personal%20Health%20Records%2FMedical%20Records"",""attachment"":{},""displayAsUrl"":false}",
"Ask VA (AVA)",Product,"{""originalUrl"":""https:\/\/github.com\/department-of-veterans-affairs\/va.gov-research-repository\/labels\/PRDT%3A%20Ask%20VA%20%28AVA%29"",""attachment"":{},""displayAsUrl"":false}",
Accredited-Reps,Product,"{""originalUrl"":""https:\/\/github.com\/department-of-veterans-affairs\/va.gov-research-repository\/labels\/PRDT%3A%20Accredited-Reps"",""attachment"":{},""displayAsUrl"":false}",
"Homeless Veterans","National Call Center","{""originalUrl"":""https:\/\/github.com\/department-of-veterans-affairs\/va.gov-research-repository\/labels\/NCC%3A%20Homeless%20Veterans"",""attachment"":{},""displayAsUrl"":false}",
Agent,"National Call Center","{""originalUrl"":""https:\/\/github.com\/department-of-veterans-affairs\/va.gov-research-repository\/labels\/NCC%3A%20Agent"",""attachment"":{},""displayAsUrl"":false}",
Appointments,"MyHealth Product","{""originalUrl"":""https:\/\/github.com\/department-of-veterans-affairs\/va.gov-research-repository\/labels\/MyHealth%3A%20Appointments"",""attachment"":{},""displayAsUrl"":false}",
"After Visit Summary","MyHealth Product","{""originalUrl"":""https:\/\/github.com\/department-of-veterans-affairs\/va.gov-research-repository\/labels\/My%20Health%3A%20After%20Visit%20Summary"",""attachment"":{},""displayAsUrl"":false}",
"Secure Messaging","MyHealtheVet Product","{""originalUrl"":""https:\/\/github.com\/department-of-veterans-affairs\/va.gov-research-repository\/labels\/MHV%3A%20Secure%20Messaging"",""attachment"":{},""displayAsUrl"":false}",
Pharmacy,"MyHealtheVet Product","{""originalUrl"":""https:\/\/github.com\/department-of-veterans-affairs\/va.gov-research-repository\/labels\/MHV%3A%20Pharmacy"",""attachment"":{},""displayAsUrl"":false}",
Pages,"Design System Pattern","{""originalUrl"":""https:\/\/github.com\/department-of-veterans-affairs\/va.gov-research-repository\/labels\/DSP%3A%20Pages"",""attachment"":{},""displayAsUrl"":false}",
"Help users to stay informed of app status","Design System Pattern","{""originalUrl"":""https:\/\/github.com\/department-of-veterans-affairs\/va.gov-research-repository\/labels\/DSP%3A%20Help%20users%20to%20stay%20informed%20of%20app%20status"",""attachment"":{},""displayAsUrl"":false}",
URLs,"Design System Components","{""originalUrl"":""https:\/\/github.com\/department-of-veterans-affairs\/va.gov-research-repository\/labels\/DSC%3A%20URLs"",""attachment"":{},""displayAsUrl"":false}",
"Ask users for direct deposit","Design System Pattern","{""originalUrl"":""https:\/\/github.com\/department-of-veterans-affairs\/va.gov-research-repository\/labels\/DSP%3A%20Ask%20users%20for%20direct%20deposit"",""attachment"":{},""displayAsUrl"":false}",
"Ask users for phone numbers","Design System Pattern","{""originalUrl"":""https:\/\/github.com\/department-of-veterans-affairs\/va.gov-research-repository\/labels\/DSP%3A%20Ask%20users%20for%20phone%20numbers"",""attachment"":{},""displayAsUrl"":false}",
"Ask users for names","Design System Pattern","{""originalUrl"":""https:\/\/github.com\/department-of-veterans-affairs\/va.gov-research-repository\/labels\/DSP%3A%20Ask%20users%20for%20names"",""attachment"":{},""displayAsUrl"":false}",
"Ask users for multiple responses","Design System Pattern","{""originalUrl"":""https:\/\/github.com\/department-of-veterans-affairs\/va.gov-research-repository\/labels\/DSP%3A%20Ask%20users%20for%20multiple%20responses"",""attachment"":{},""displayAsUrl"":false}",
"Ask users for housing status","Design System Pattern","{""originalUrl"":""https:\/\/github.com\/department-of-veterans-affairs\/va.gov-research-repository\/labels\/DSP%3A%20Ask%20users%20for%20housing%20status"",""attachment"":{},""displayAsUrl"":false}",
"Ask users for gender identity","Design System Pattern","{""originalUrl"":""https:\/\/github.com\/department-of-veterans-affairs\/va.gov-research-repository\/labels\/DSP%3A%20Ask%20users%20for%20gender%20identity"",""attachment"":{},""displayAsUrl"":false}",
"Ask users for files","Design System Pattern","{""originalUrl"":""https:\/\/github.com\/department-of-veterans-affairs\/va.gov-research-repository\/labels\/DSP%3A%20Ask%20users%20for%20files"",""attachment"":{},""displayAsUrl"":false}",
"Ask users for feedback","Design System Pattern","{""originalUrl"":""https:\/\/github.com\/department-of-veterans-affairs\/va.gov-research-repository\/labels\/DSP%3A%20Ask%20users%20for%20feedback"",""attachment"":{},""displayAsUrl"":false}",
"Ask users for email address","Design System Pattern","{""originalUrl"":""https:\/\/github.com\/department-of-veterans-affairs\/va.gov-research-repository\/labels\/DSP%3A%20Ask%20users%20for%20email%20address"",""attachment"":{},""displayAsUrl"":false}",
"Ask users for dates","Design System Pattern","{""originalUrl"":""https:\/\/github.com\/department-of-veterans-affairs\/va.gov-research-repository\/labels\/DSP%3A%20Ask%20users%20for%20dates"",""attachment"":{},""displayAsUrl"":false}",
"Ask users for race and ethnicity","Design System Pattern","{""originalUrl"":""https:\/\/github.com\/department-of-veterans-affairs\/va.gov-research-repository\/labels\/DSP%3A%20Ask%20users%20for%20race%20and%20ethnicity"",""attachment"":{},""displayAsUrl"":false}",
"Ask users for contact preferences","Design System Pattern","{""originalUrl"":""https:\/\/github.com\/department-of-veterans-affairs\/va.gov-research-repository\/labels\/DSP%3A%20Ask%20users%20for%20contact%20preferences"",""attachment"":{},""displayAsUrl"":false}",
"Ask users for addresses","Design System Pattern","{""originalUrl"":""https:\/\/github.com\/department-of-veterans-affairs\/va.gov-research-repository\/labels\/DSP%3A%20Ask%20users%20for%20addresses"",""attachment"":{},""displayAsUrl"":false}",
"Ask users for a single response","Design System Pattern","{""originalUrl"":""https:\/\/github.com\/department-of-veterans-affairs\/va.gov-research-repository\/labels\/DSP%3A%20Ask%20users%20for%20a%20single%20response"",""attachment"":{},""displayAsUrl"":false}",
"Ask users for a mutually exclusive answer","Design System Pattern","{""originalUrl"":""https:\/\/github.com\/department-of-veterans-affairs\/va.gov-research-repository\/labels\/DSP%3A%20Ask%20users%20for%20a%20mutually%20exclusive%20answer"",""attachment"":{},""displayAsUrl"":false}",
va-list,"Design System Components","{""originalUrl"":""https:\/\/github.com\/department-of-veterans-affairs\/va.gov-research-repository\/labels\/DSC%3A%20va-list"",""attachment"":{},""displayAsUrl"":false}",
va-language-toggle,"Design System Components","{""originalUrl"":""https:\/\/github.com\/department-of-veterans-affairs\/va.gov-research-repository\/labels\/DSC%3A%20va-language-toggle"",""attachment"":{},""displayAsUrl"":false}",
"URLs - Vanity URLs","Design System Components","{""originalUrl"":""https:\/\/github.com\/department-of-veterans-affairs\/va.gov-research-repository\/labels\/DSC%3A%20URLs%20-%20Vanity%20URLs"",""attachment"":{},""displayAsUrl"":false}",
"URLs - Redirects","Design System Components","{""originalUrl"":""https:\/\/github.com\/department-of-veterans-affairs\/va.gov-research-repository\/labels\/DSC%3A%20URLs%20-%20Redirects"",""attachment"":{},""displayAsUrl"":false}",
"Ask users for pronouns","Design System Pattern","{""originalUrl"":""https:\/\/github.com\/department-of-veterans-affairs\/va.gov-research-repository\/labels\/DSP%3A%20Ask%20users%20for%20pronouns"",""attachment"":{},""displayAsUrl"":false}",
"Ask users for relationship to Veteran","Design System Pattern","{""originalUrl"":""https:\/\/github.com\/department-of-veterans-affairs\/va.gov-research-repository\/labels\/DSP%3A%20Ask%20users%20for%20relationship%20to%20Veteran"",""attachment"":{},""displayAsUrl"":false}",
"Help users to sign in","Design System Pattern","{""originalUrl"":""https:\/\/github.com\/department-of-veterans-affairs\/va.gov-research-repository\/labels\/DSP%3A%20Help%20users%20to%20sign%20in"",""attachment"":{},""displayAsUrl"":false}",
"Help users to check answers","Design System Pattern","{""originalUrl"":""https:\/\/github.com\/department-of-veterans-affairs\/va.gov-research-repository\/labels\/DSP%3A%20Help%20users%20to%20check%20answers"",""attachment"":{},""displayAsUrl"":false}",
"Help users to recover from errors","Design System Pattern","{""originalUrl"":""https:\/\/github.com\/department-of-veterans-affairs\/va.gov-research-repository\/labels\/DSP%3A%20Help%20users%20to%20recover%20from%20errors"",""attachment"":{},""displayAsUrl"":false}",
"Help users to navigate benefit applications","Design System Pattern","{""originalUrl"":""https:\/\/github.com\/department-of-veterans-affairs\/va.gov-research-repository\/labels\/DSP%3A%20Help%20users%20to%20navigate%20benefit%20applications"",""attachment"":{},""displayAsUrl"":false}",
"Help users to navigate a long list","Design System Pattern","{""originalUrl"":""https:\/\/github.com\/department-of-veterans-affairs\/va.gov-research-repository\/labels\/DSP%3A%20Help%20users%20to%20navigate%20a%20long%20list"",""attachment"":{},""displayAsUrl"":false}",
"Help users to manage benefits and tools","Design System Pattern","{""originalUrl"":""https:\/\/github.com\/department-of-veterans-affairs\/va.gov-research-repository\/labels\/DSP%3A%20Help%20users%20to%20manage%20benefits%20and%20tools"",""attachment"":{},""displayAsUrl"":false}",
"Help users to keep a record of submitted info","Design System Pattern","{""originalUrl"":""https:\/\/github.com\/department-of-veterans-affairs\/va.gov-research-repository\/labels\/DSP%3A%20Help%20users%20to%20keep%20a%20record%20of%20submitted%20info"",""attachment"":{},""displayAsUrl"":false}",
"Help users to complete a sub task","Design System Pattern","{""originalUrl"":""https:\/\/github.com\/department-of-veterans-affairs\/va.gov-research-repository\/labels\/DSP%3A%20Help%20users%20to%20complete%20a%20sub%20task"",""attachment"":{},""displayAsUrl"":false}",
"Help users to check personal information","Design System Pattern","{""originalUrl"":""https:\/\/github.com\/department-of-veterans-affairs\/va.gov-research-repository\/labels\/DSP%3A%20Help%20users%20to%20check%20personal%20information"",""attachment"":{},""displayAsUrl"":false}",
"Help users to check eligibility","Design System Pattern","{""originalUrl"":""https:\/\/github.com\/department-of-veterans-affairs\/va.gov-research-repository\/labels\/DSP%3A%20Help%20users%20to%20check%20eligibility"",""attachment"":{},""displayAsUrl"":false}",
"Help users know when their info is prefilled","Design System Pattern","{""originalUrl"":""https:\/\/github.com\/department-of-veterans-affairs\/va.gov-research-repository\/labels\/DSP%3A%20Help%20users%20know%20when%20their%20info%20is%20prefilled"",""attachment"":{},""displayAsUrl"":false}",
"Ask users for service history","Design System Pattern","{""originalUrl"":""https:\/\/github.com\/department-of-veterans-affairs\/va.gov-research-repository\/labels\/DSP%3A%20Ask%20users%20for%20service%20history"",""attachment"":{},""displayAsUrl"":false}",
"Help users know how their info is updated","Design System Pattern","{""originalUrl"":""https:\/\/github.com\/department-of-veterans-affairs\/va.gov-research-repository\/labels\/DSP%3A%20Help%20users%20know%20how%20their%20info%20is%20updated"",""attachment"":{},""displayAsUrl"":false}",
"Form templates","Design System Pattern","{""originalUrl"":""https:\/\/github.com\/department-of-veterans-affairs\/va.gov-research-repository\/labels\/DSP%3A%20Form%20templates"",""attachment"":{},""displayAsUrl"":false}",
"Form feedback","Design System Pattern","{""originalUrl"":""https:\/\/github.com\/department-of-veterans-affairs\/va.gov-research-repository\/labels\/DSP%3A%20Form%20feedback"",""attachment"":{},""displayAsUrl"":false}",
Experimental,"Design System Pattern","{""originalUrl"":""https:\/\/github.com\/department-of-veterans-affairs\/va.gov-research-repository\/labels\/DSP%3A%20Experimental"",""attachment"":{},""displayAsUrl"":false}",
"Error message style guide","Design System Pattern","{""originalUrl"":""https:\/\/github.com\/department-of-veterans-affairs\/va.gov-research-repository\/labels\/DSP%3A%20Error%20message%20style%20guide"",""attachment"":{},""displayAsUrl"":false}",
"Email template","Design System Pattern","{""originalUrl"":""https:\/\/github.com\/department-of-veterans-affairs\/va.gov-research-repository\/labels\/DSP%3A%20Email%20template"",""attachment"":{},""displayAsUrl"":false}",
"Contextual help","Design System Pattern","{""originalUrl"":""https:\/\/github.com\/department-of-veterans-affairs\/va.gov-research-repository\/labels\/DSP%3A%20Contextual%20help"",""attachment"":{},""displayAsUrl"":false}",
"Content presentation","Design System Pattern","{""originalUrl"":""https:\/\/github.com\/department-of-veterans-affairs\/va.gov-research-repository\/labels\/DSP%3A%20Content%20presentation"",""attachment"":{},""displayAsUrl"":false}",
"Ask users for signature","Design System Pattern","{""originalUrl"":""https:\/\/github.com\/department-of-veterans-affairs\/va.gov-research-repository\/labels\/DSP%3A%20Ask%20users%20for%20signature"",""attachment"":{},""displayAsUrl"":false}",
"Form 21-0781",Product,,
