title.en,url,description.en,publish_start_on,publish_end_on,keyword_values,match_keyword_values_only,status
VAntage Point,www.blogs.va.gov,Official blog of the U.S. Department of Veterans Affairs,"April 2nd 2019, 00:00:00.000",,"[""blog"",""vantage point""]",FALSE,active
Community-based emergency care,www.va.gov/COMMUNITYCARE/programs/veterans/Emergency_Care.asp,"During a medical emergency, Veterans should immediately seek care at the nearest medical facility. If you believe your life or health is in danger, call 911 or go to the nearest emergency department right away.","June 12th 2019, 00:00:00.000",,"[""emergency care""]",FALSE,active
Diseases Related to Agent Orange,www.va.gov/disability/eligibility/hazardous-materials-exposure/agent-orange/related-diseases/,"Learn about certain cancers and other diseases we believe are related to Agent Orange exposure (called ""Agent Orange presumptives"").","November 8th 2018, 00:00:00.000",,[],FALSE,active
Gulf War Illnesses Linked to Service in Afghanistan,www.va.gov/disability/eligibility/hazardous-materials-exposure/gulf-war-illness-afghanistan/,"Find out if you can get VA disability compensation for illnesses linked to Gulf War service in Afghanistan (often called ""Gulf War Illness"").","November 8th 2018, 00:00:00.000",,"[""gulf war syndrome""]",FALSE,active
VA Disability Compensation for Posttraumatic Stress Disorder (PTSD),www.va.gov/disability/eligibility/ptsd/,"Find out if you're eligible for VA disability compensation for posttraumatic stress disorder (PSTD). Learn how to file your claim for PTSD disability payments, and get more information about our PTSD programs.","November 8th 2018, 00:00:00.000",,"[""ptsd""]",FALSE,active
VA Clothing Allowance for Veterans with Certain Disabilities,www.va.gov/disability/eligibility/special-claims/clothing-allowance/,"Find out if you can get a VA clothing allowance to replace clothing damaged by your prosthetic or orthopedic device or by certain medicines. To get a yearly payment, you'll need to qualify by August 1 of each year.","November 8th 2018, 00:00:00.000",,[],FALSE,active
VA Title 38 U.S.C. 1151 Claims,www.va.gov/disability/eligibility/special-claims/1151-claims-title-38/,Find out if you can get compensation from VA for a Title 38 U.S.C. 1151 claim.,"November 8th 2018, 00:00:00.000",,[],FALSE,active
Board of Veterans' Appeals (BVA) Hearing,www.va.gov/disability/file-an-appeal/board-of-veterans-appeals/,Find out what happens at a Board of Veterans Appeals (BVA) hearingand how to request one if you want a Veterans Law Judge to discuss your VA appeal.,"November 8th 2018, 00:00:00.000",,[],FALSE,active
Disability Compensation Effective Date,www.va.gov/disability/about-disability-ratings/effective-date/,"Learn about the VA disability compensation effective date, which is the date we receive your claim or the date you were first injured or first fell ill. Once we decide your claim, you may qualify to receive disability back pay.","November 8th 2018, 00:00:00.000",,[],FALSE,active
Substance Use Treatment for Veterans,www.va.gov/health-care/health-needs-conditions/substance-use-problems/,Substance Use Treatment for Veterans,"November 8th 2018, 00:00:00.000",,[],FALSE,active
Military Sexual Trauma (MST),www.va.gov/health-care/health-needs-conditions/military-sexual-trauma/,Military Sexual Trauma (MST),"November 8th 2018, 00:00:00.000",,[],FALSE,active
VA Mental Health Services,www.va.gov/health-care/health-needs-conditions/mental-health/,VA Mental Health Services,"November 8th 2018, 00:00:00.000",,[],FALSE,active
Operation Enduring Freedom Veterans Health Issues,www.va.gov/health-care/health-needs-conditions/health-issues-related-to-service-era/operation-enduring-freedom/,Operation Enduring Freedom Veterans Health Issues,"November 8th 2018, 00:00:00.000",,[],FALSE,active
VA Vision Care,www.va.gov/health-care/about-va-health-benefits/vision-care/,VA vision care covers routine eye exam and preventive vision testing (like testing for glaucoma) for Veterans enrolled in VA health care. We also provide cost-free eyeglasses for Veterans who meet certain requirements. Learn more about VA vision care.,"November 8th 2018, 00:00:00.000",,[],FALSE,active
VA Health Care and Other Insurance,www.va.gov/health-care/about-va-health-benefits/va-health-care-and-other-insurance/,"Learn how VA health care works with other health insurance (like Medicare, Medicaid, TRICARE, or private insurance plans).","November 8th 2018, 00:00:00.000",,"[""health insurance""]",FALSE,active
The Affordable Care Act and Your Health Coverage,www.va.gov/health-care/about-affordable-care-act/,The Affordable Care Act and Your Health Coverage,"November 8th 2018, 00:00:00.000",,"[""aca""]",FALSE,active
Fully Developed Claim Program,www.va.gov/pension/how-to-apply/fully-developed-claim/,The VA Fully Developed Claims program.,"November 8th 2018, 00:00:00.000",,"[""fdc"",""fully developed claims""]",FALSE,active
After You Apply for a Pre-Need Eligibility Determination,www.va.gov/burials-memorials/pre-need-eligibility/after-you-apply/,After You Apply for a Pre-Need Eligibility Determination,"November 8th 2018, 00:00:00.000",,[],FALSE,active
"Request Veterans Headstones, Grave Markers, and Medallions",www.va.gov/burials-memorials/memorial-items/headstones-markers-medallions/,"Find out how to apply for Veterans grave markers, headstones, and medallions to honor the service of a Veteran or eligible family member.","November 8th 2018, 00:00:00.000",,[],FALSE,active
Fry Scholarships,www.va.gov/education/survivor-dependent-benefits/fry-scholarship/,Fry Scholarships,"November 8th 2018, 00:00:00.000",,[],FALSE,active
How to Apply for the GI Bill and Other Education Benefits,www.va.gov/education/how-to-apply/,"Find out how to apply for the GI Bill and other VA education benefits as a Veteran, Servicemember, or qualified family member. You can apply online, by mail, in person, or with the help of a trained professional.","November 8th 2018, 00:00:00.000",,[],FALSE,active
Correspondance Training,www.va.gov/education/about-gi-bill-benefits/how-to-use-benefits/correspondance-training/,Correspondance Training,"November 8th 2018, 00:00:00.000",,[],FALSE,active
Co-op Training,www.va.gov/education/about-gi-bill-benefits/how-to-use-benefits/co-op-training/,Co-op Training,"November 8th 2018, 00:00:00.000",,[],FALSE,active
Montgomery GI Bill Active Duty (MGIB-AD),www.va.gov/education/about-gi-bill-benefits/montgomery-active-duty/,Montgomery GI Bill Active Duty (MGIB-AD),"November 8th 2018, 00:00:00.000",,[],FALSE,active
Interest Rate Reduction Refinance Loan (IRRRL),www.va.gov/housing-assistance/home-loans/loan-types/interest-rate-reduction-loan/,Interest Rate Reduction Refinance Loan (IRRRL),"November 8th 2018, 00:00:00.000",,[],FALSE,active
Careers and Employment,www.va.gov/careers-employment/,"VA can support you in all stages of your job search—from returning to work with a service-connected disability, to getting more training for new job opportunities, to starting or growing your own business.","November 8th 2018, 00:00:00.000",,"[""employment"",""find a job"",""job"",""job seeker"",""jobs""]",FALSE,active
VA Dentistry - Improving Veterans Oral Health Home,www.va.gov/dental/,"VA offers comprehensive dental care benefits to certain qualifying Veterans. To better understand if you are eligible for VA dental care, take a look at the Dental Benefits for Veterans document, as well as other resources.","November 8th 2018, 00:00:00.000",,[],FALSE,active
Guidance on Natural Disasters (PDF),www.benefits.va.gov/homeloans/documents/docs/va_policy_regarding_natural_disasters.pdf,Guidance on Natural Disasters (PDF),"November 8th 2018, 00:00:00.000",,[],FALSE,active
VA/DoD eBenefits,www.ebenefits.va.gov/ebenefits/homepage,Manage and review some of your VA benefits at eBenefits.,"November 8th 2018, 00:00:00.000",,"[""ebenefits"",""ebenifits""]",FALSE,active
Access and Quality in VA Healthcare,www.accesstocare.va.gov,How quickly can my VA facility see me? How satisfied are Veterans with their care in my facility? How does care compare across VA facilities?,"November 13th 2018, 00:00:00.000",,"[""access to care"",""wait times""]",FALSE,active
Jobs at VA,www.vacareers.va.gov/,"Take the first step toward joining a team of highly talented heath care professionals, collaborating to deliver quality, compassionate care to America’s Veterans.","November 15th 2018, 00:00:00.000",,"[""careers"",""employment"",""jobs""]",FALSE,active
Change your address,www.va.gov/change-address/,Find out how to change your address and other contact information in your VA.gov profile.,"February 21st 2019, 00:00:00.000",,"[""change address"",""profile"",""update address""]",FALSE,active
Schedule a burial for a Veteran or family member,www.va.gov/burials-memorials/schedule-a-burial/,"Find out how to make burial plans for a Veteran, spouse, or dependent family member.","February 21st 2020, 00:00:00.000",,"[""plan a burial"",""schedule a burial""]",FALSE,active
Find a VA form,www.va.gov/find-forms/,"Search for VA forms by keyword, form name, or form number. Quickly access top tasks for frequently downloaded VA forms.","November 1st 2018, 00:00:00.000",,"[""forms"",""va forms""]",FALSE,active
VA outreach materials,www.va.gov/outreach-and-events/outreach-materials/,Use our outreach materials to help Veterans manage their journey with VA and learn about their benefits.,"September 14th 2020, 00:00:00.000",,"[""fact sheet"",""flyer"",""outreach material"",""poster"",""video"",""fact sheets"",""flyers"",""outreach materials"",""posters"",""videos""]",FALSE,active
The Program of Comprehensive Assistance for Family Caregivers,www.va.gov/family-member-benefits/comprehensive-assistance-for-family-caregivers/,This program offers support and services for family caregivers of eligible Veterans who were seriously injured in the line of duty during certain time periods and meet other eligibility requirements. Learn about eligibility and how to apply.,"October 6th 2020, 00:00:00.000",,"[""caregiver pay"",""caregiver stipend"",""veteran caregiver"",""caregiver program""]",FALSE,active
Grave Locator,m.va.gov/gravelocator/index.cfm,"Search for burial locations of veterans and their family members in VA National Cemeteries, state veterans cemeteries and various other military and Department of Interior cemeteries.","November 8th 2018, 00:00:00.000",,"[""grave locator"",""grave locater"",""find graves""]",FALSE,active
VA Decision Reviews and Appeals,www.va.gov/decision-reviews/,"The VA legacy appeals process has changed to a decision review process. If you disagree with a VA decision dated on or after February 19, 2019, you can choose one of the following decision review options to continue your case.","February 20th 2019, 00:00:00.000",,"[""appeal"",""appeals"",""appeals modernization"",""decision review""]",FALSE,active
Your VA.gov Profile,www.va.gov/profile/,"Review your contact, personal, and military service information—and find out how to make any needed updates or corrections.","April 5th 2019, 00:00:00.000",,"[""profile""]",FALSE,active
VA Community Care,www.va.gov/COMMUNITYCARE/,"VA provides care to Veterans through community providers when VA cannot provide the care needed. Community care is based on specific eligibility requirements, availability of VA care, and the needs and circumstances of individual Veterans.","April 25th 2019, 00:00:00.000",,"[""Choice Act"",""community care"",""MISSION Act"",""veterans choice""]",FALSE,active
Community Care Billing,www.va.gov/communitycare/revenue_ops/billing.asp,Costs and billing for getting care in the community,"April 29th 2019, 00:00:00.000",,"[""billing""]",FALSE,active
Paying your VA Health Care bill,www.va.gov/HEALTHBENEFITS/cost/make_a_payment.asp,VA offers several ways to pay your VA bill.,"April 29th 2019, 00:00:00.000",,"[""billing"",""make a payment""]",FALSE,active
Airborne Hazards and Open Burn Pit Registry,veteran.mobilehealth.va.gov/AHBurnPitRegistry,VA's Airborne Hazards and Open Burn Pit Registry allows eligible Veterans and service members to document their exposures and report health concerns through an online questionnaire.,"April 29th 2019, 00:00:00.000",,"[""burn pit registry""]",FALSE,active
FOIA Service,www.oprm.va.gov/foia/,"The Freedom of Information Act (FOIA) provides that any person has a right of access to Federal agency records, except to the extent that such records are protected from release by a FOIA exemption or a special law enforcement record exclusion.","August 29th 2019, 00:00:00.000",,"[""FOIA"",""freedom of information""]",FALSE,active
View Your VA Disability Ratings,www.va.gov/disability/view-disability-rating/,"If you have one or more disability ratings, you can view your VA combined disability rating and your individual ratings online.","February 4th 2020, 00:00:00.000",,"[""disability rating"",""rated disabilities""]",FALSE,active
Request a Higher-Level Review,www.va.gov/decision-reviews/higher-level-review/,"If you disagree with VA’s decision, you can request to have a senior reviewer take a new look at your case. The reviewer will determine whether the decision can be changed based on a difference of opinion or an error.","March 1st 2020, 00:00:00.000",,"[""higher level review"",""hlr""]",FALSE,active
VA TMS 2.0,www.tms.va.gov/SecureAuth35/,The VA Talent Management System 2.0 (TMS) website.,"November 8th 2018, 00:00:00.000",,"[""tms"",""va training""]",FALSE,active
VA Nursing - The Office of Nursing Services (ONS),www.va.gov/nursing/,"The Office of Nursing Services (ONS) provides leadership, guidance and strategic direction on all issues related to nursing practice, education, research &amp; workforce for clinical programs across the care delivery sites that impact our Veterans.","November 8th 2018, 00:00:00.000",,"[""nursing""]",FALSE,active
Exposure to Hazardous Chemicals and Materials,www.va.gov/disability/eligibility/hazardous-materials-exposure/,Learn about chemical hazards or other hazardous materials you may have come in contact with during military service. Find out if you can get VA disability compensation for illnesses related to exposure to hazardous chemicals or materials.,"November 8th 2018, 00:00:00.000",,[],FALSE,active
Exposure to Specific Environmental Hazards,www.va.gov/disability/eligibility/hazardous-materials-exposure/specific-environmental-hazards/,"Learn about VA disability compensation for illnesses related to environmental hazards. Find out which hazards you may have come in contact with during military service, and how to file a claim for compensation.","November 8th 2018, 00:00:00.000",,[],FALSE,active
Agent Orange Exposure on Thailand Military Bases,www.va.gov/disability/eligibility/hazardous-materials-exposure/agent-orange/thailand-military-bases/,"If you served on a U.S. military base in Thailand or a Royal Thai Air Force Base during the Vietnam War, you may have had contact with Agent Orange.","November 8th 2018, 00:00:00.000",,[],FALSE,active
Birth Defects (Spina Bifida) Linked to Agent Orange,www.va.gov/disability/eligibility/special-claims/birth-defects/,Learn about VA disability compensation and other benefits for children of Veterans with birth defects related to Agent Orange exposure.,"November 8th 2018, 00:00:00.000",,[],FALSE,active
Temporary Disability Rating After Surgery or Getting a Cast,www.va.gov/disability/eligibility/special-claims/temporary-increase-after-surgery-or-cast/,"Find out if you can get temporary VA disability after surgery for a service-connected disability, or after getting a cast that's left you unable to move.","November 8th 2018, 00:00:00.000",,[],FALSE,active
VA Claim Exam (C&amp;P Exam),www.va.gov/disability/va-claim-exam/,"Get answers to commonly asked questions about the VA claim exam (also called a ""VA C&amp;P exam,"" which stands for ""VA Compensation and Pension exam"").","November 8th 2018, 00:00:00.000",,"[""CMT"",""comp & pen"",""comp and pen""]",FALSE,active
How VA Assigns Disability Ratings,www.va.gov/disability/about-disability-ratings/,Learn about VA disability ratings and how we decide your rating.,"November 8th 2018, 00:00:00.000",,[],FALSE,active
What to Expect after You Get a Disability Rating,www.va.gov/disability/about-disability-ratings/after-you-get-a-rating/,Find out when you'll receive your first VA disability check and what to expect after you get a disability rating for a service-connected condition.,"November 8th 2018, 00:00:00.000",,[],FALSE,active
Schedule and View VA Appointments,www.va.gov/health-care/schedule-view-va-appointments/,Find out how to schedule and cancel VA appointments by phone or online.,"November 8th 2018, 00:00:00.000",,"[""appointment"",""make an appointment"",""make appointment"",""schedule an appointment"",""schedule appointment""]",FALSE,active
Depression Treatment for Veterans,www.va.gov/health-care/health-needs-conditions/mental-health/depression/,Depression Treatment for Veterans,"November 8th 2018, 00:00:00.000",,[],FALSE,active
World War II Veterans Health Issues,www.va.gov/health-care/health-needs-conditions/health-issues-related-to-service-era/world-war-ii/,World War II Veterans Health Issues,"November 8th 2018, 00:00:00.000",,"[""world war 2"",""ww2""]",FALSE,active
Iraq War Veterans Health Issues,www.va.gov/health-care/health-needs-conditions/health-issues-related-to-service-era/iraq-war/,Iraq War Veterans Health Issues,"November 8th 2018, 00:00:00.000",,[],FALSE,active
Gulf War Veterans Health Issues,www.va.gov/health-care/health-needs-conditions/health-issues-related-to-service-era/gulf-war/,Gulf War Veterans Health Issues,"November 8th 2018, 00:00:00.000",,[],FALSE,active
Cold War Veterans Health Issues,www.va.gov/health-care/health-needs-conditions/health-issues-related-to-service-era/cold-war/,Cold War Veterans Health Issues,"November 8th 2018, 00:00:00.000",,[],FALSE,active
Health Needs and Conditions,www.va.gov/health-care/health-needs-conditions/,"Find out how to access VA health services for specific health needs of Veterans. Find out which Veterans health issues are covered, and how to get help for your specific needs (like mental health problems, PTSD, and women's health needs).","November 8th 2018, 00:00:00.000",,[],FALSE,active
Where You'll Go for Care,www.va.gov/health-care/about-va-health-benefits/where-you-go-for-care/,"Learn about you'll go for care through VA, including your nearest VA medical center, VA clinic, and Vet Center.","November 8th 2018, 00:00:00.000",,"[""hospitals"",""vet center"",""vet_center""]",FALSE,active
"VA Nursing Homes, Assisted Living, and Home Health Care",www.va.gov/health-care/about-va-health-benefits/long-term-care/,Find out if you may be eligible for care in VA nursing homes or VA assisted living facilities or for Veterans home care and caregiver support services. Learn more about these VA long-term care benefits.,"November 8th 2018, 00:00:00.000",,[],FALSE,active
Veterans Pension Rates,www.va.gov/pension/veterans-pension-rates/,Veterans Pension Rates,"November 8th 2018, 00:00:00.000",,[],FALSE,active
Apply for Burial Benefits (VA Form 21P-530),www.va.gov/burials-and-memorials/application/530/introduction/,"Use VA Form 21P-530 to apply for VA burial benefits online now. Get step-by-step instructions, and consider signing in to save your in-progress application if you need to come back to finish filling it out later.","November 8th 2018, 00:00:00.000",,"[""21p"",""form 21p-530""]",FALSE,active
How to Apply for a Veterans Burial Allowance,www.va.gov/burials-memorials/veterans-burial-allowance/,"Find out how to apply for a Veterans burial allowance to help cover burial, funeral, and transportation costs (sometimes called ""Veterans death benefits"").","November 8th 2018, 00:00:00.000",,[],FALSE,active
Eligibility For Burial in a VA National Cemetery,www.va.gov/burials-memorials/eligibility/,"Find out if you or a loved one qualify for burial in a VA national cemetery and for other burial honors. Review VA burial benefits eligibility requirements for Veterans, Servicemembers, spouses, and dependents.","November 8th 2018, 00:00:00.000",,[],FALSE,active
Opt Out of Sharing VA Education Benefits Information,www.va.gov/education/opt-out-information-sharing/,Opt Out of Sharing VA Education Benefits Information,"November 8th 2018, 00:00:00.000",,[],FALSE,active
Check Your Post-9/11 GI Bill Benefits Status,www.va.gov/education/gi-bill/post-9-11/ch-33-benefit/,Check Your Post-9/11 GI Bill Benefits Status,"November 8th 2018, 00:00:00.000",,[],FALSE,active
Dependents Request Change of Program 5495,www.va.gov/education/apply-for-education-benefits/application/5495/introduction/,Dependents Request Change of Program 5495,"November 8th 2018, 00:00:00.000",,[],FALSE,active
Accelerated Payments for High-Technology Programs,www.va.gov/education/about-gi-bill-benefits/how-to-use-benefits/high-tech-programs/,Accelerated Payments for High-Technology Programs,"November 8th 2018, 00:00:00.000",,[],FALSE,active
Entrepreneurship Training,www.va.gov/education/about-gi-bill-benefits/how-to-use-benefits/entrepreneurship-training/,Entrepreneurship Training,"November 8th 2018, 00:00:00.000",,[],FALSE,active
$600 Buy-Up Program,www.va.gov/education/about-gi-bill-benefits/montgomery-active-duty/buy-up/,$600 Buy-Up Program,"November 8th 2018, 00:00:00.000",,[],FALSE,active
CareerScope Assessment,www.va.gov/education/careerscope-skills-assessment/,CareerScope Assessment,"November 8th 2018, 00:00:00.000",,[],FALSE,active
Post-9/11 GI Bill and Other VA Education Benefit Rates,www.va.gov/education/benefit-rates/,Post-9/11 GI Bill and Other VA Education Benefit Rates,"November 8th 2018, 00:00:00.000",,[],FALSE,active
Eligibility Requirements for VA Home Loan Programs,www.va.gov/housing-assistance/home-loans/eligibility/,"Review eligibility requirements for VA home loan programs. Find out if you qualify for a Certificate of Eligibility (COE), which shows your lender that you qualify for a VA-backed home.","November 8th 2018, 00:00:00.000",,"[""loan eligibility""]",FALSE,active
Disability Housing Grants for Veterans,www.va.gov/housing-assistance/disability-housing-grants/,Find out if you're eligible for disability housing grants for Veterans and Servicemembers with certain service-connected disabilities.,"November 8th 2018, 00:00:00.000",,[],FALSE,active
Health Topics A to Z,www.va.gov/health/topics/index.asp,"VA health topics index, A - Z.","November 8th 2018, 00:00:00.000",,[],FALSE,active
GI Bill Handouts and Forms,www.benefits.va.gov/gibill/handouts_forms.asp,GI Bill Handouts and Forms,"November 8th 2018, 00:00:00.000",,[],FALSE,active
Detroit Regional Benefit Office,www.benefits.va.gov/detroit/,"477 Michigan Ave. Detroit, MI 48226 Hours: Monday-Friday, 8am-4pm","November 10th 2018, 00:00:00.000",,[],FALSE,active
Compensation Benefit Rates and Rate Tables,www.benefits.va.gov/compensation/rates-index.asp,"Select the compensation program on this page to view current rates. Historical rates are linked from the current rates page, as well.","November 13th 2018, 00:00:00.000",,"[""comp rate"",""compensation rate"",""compensation rate table"",""disability compensation rates"",""disability rates"",""rate table""]",FALSE,active
Flu Shots,www.prevention.va.gov/flu/,Veterans enrolled in VA health care can get a free flu shot at a VA health care facility.,"August 13th 2020, 00:00:00.000",,"[""flu"",""flu shot"",""flu shots"",""influenza""]",FALSE,active
Edith Nourse Rogers STEM Scholarship,www.va.gov/education/other-va-education-benefits/stem-scholarship/,The Rogers STEM Scholarship allows some eligible Veterans and dependents in high-demand fields to extend their Post-9/11 GI Bill or Fry Scholarship benefits. Find out if you’re eligible for added benefits and how to apply.,"October 6th 2020, 00:00:00.000",,"[""edith nourse rogers"",""gi bill extension"",""STEM""]",FALSE,active
Defense Enrollment Eligibility Reporting System (DEERS),www.ebenefits.va.gov/ebenefits/about/feature?feature=servicemember-personnel-information,"Update your contact information in this official DoD military system for Veterans, Service members, and families. DEERS registration is needed for VA/DoD eBenefits registration.","December 30th 2020, 00:00:00.000",,"[""deer"",""deers"",""DEERS"",""defense enrollment eligibility""]",FALSE,active
VA Community Care Healthshare Referral Manager (HSRM),www.va.gov/COMMUNITYCARE/providers/Care_Coordination.asp,"HealthShare Referral Manager (HSRM) is a secure, web-based system VA uses to generate and submit referrals and authorizations to community providers. HSRM allows community providers and VA to better manage community care for Veterans.","December 30th 2020, 00:00:00.000",,"[""hsrm"",""HSRM"",""HSRM tracker"",""HSRM-tracker""]",FALSE,active
Upload Evidence to Support Your Claim,www.va.gov/disability/upload-supporting-evidence/,"Find out how and when to upload evidence online to support your VA claim. Evidence may include supporting documents like medical test results, doctors reports, and other records.","November 8th 2018, 00:00:00.000",,"[""21-4138"",""statement in support of claim"",""va form 21-4138"",""va form21-4138"",""form 21-4138""]",FALSE,active
Yellow Ribbon Program,www.va.gov/education/about-gi-bill-benefits/post-9-11/yellow-ribbon-program/,"The Yellow Ribbon Program can help you pay for higher out-of-state, private school, or graduate school tuition that the Post-9/11 GI Bill does not cover. Find out if you're eligible, and if your school takes part in this program.","November 8th 2018, 00:00:00.000",,"[""yellow ribbon""]",FALSE,active
COVID-19 vaccines at VA,www.va.gov/covid-19-vaccine,We're working closely with the Centers for Disease Control and Prevention (CDC) and other federal partners to plan for providing COVID-19 vaccines to VA health care personnel and Veterans.,"December 11th 2020, 00:00:00.000",,"[""coronavirus"",""coronavirus 19 vaccine"",""coronavirus vaccine"",""COVID 19 vaccine"",""covid vaccine"",""informed"",""keep me"",""keep me informed"",""vaccine""]",FALSE,active
Request Your Military Service Records (including DD214),www.va.gov/records/get-military-service-records/,"Find out how to request your military records, including your DD214, through the milConnect website.","November 8th 2018, 00:00:00.000",,"[""dd 214"",""dd-214"",""dd214"",""214"",""form dd214"",""va form dd214"",""va form dd-214""]",FALSE,active
My VA,www.va.gov/my-va/,Login to VA.gov to access the tools and information you’ll need to track and manage your VA benefits and communications.,"February 21st 2019, 00:00:00.000",,[],FALSE,active
Office of Budget,www.va.gov/budget/products.asp,"The Office of Budget supports VA’s mission by managing the strategic and policy decision making processes in the formulation, execution, analysis, justification, and preparation of the Department’s budget.","April 11th 2019, 00:00:00.000",,"[""budget"",""budget request"",""cj"",""congressional justification""]",FALSE,active
VA Home Page,www.va.gov/,"Explore, access, and manage your VA benefits and health care.","April 29th 2019, 00:00:00.000",,"[""benefits""]",FALSE,active
VA Public Health - Agent Orange,www.publichealth.va.gov/exposures/agentorange/,"This is the home page of VA's Agent Orange website with links to information on Agent Orange exposure, related health effects, health care and other VA benefits.","November 7th 2018, 00:00:00.000",,[],FALSE,active
Agent Orange Exposure from Testing and Storage Areas outside Vietnam,www.va.gov/disability/eligibility/hazardous-materials-exposure/agent-orange/testing-storage-areas/,"If you were part of testing or storing Agent Orange on military bases in the U.S. or elsewhere, you may have been exposed to this toxic chemical. Find out if you're eligible for VA disability pay and other benefits for illnesses related to contact.","November 8th 2018, 00:00:00.000",,[],FALSE,active
Veterans Asbestos Exposure,www.va.gov/disability/eligibility/hazardous-materials-exposure/asbestos/,"Find out if you can get VA disability pay for illnesses related to asbestos exposure. You may have had contact with asbestos if you served in Iraq or other countries in the Middle East and Southeast Asia, or if you worked in certain jobs or settings.","November 8th 2018, 00:00:00.000",,[],FALSE,active
Health Issues Related to Camp Lejeune Water Contamination,www.va.gov/disability/eligibility/hazardous-materials-exposure/camp-lejeune-water-contamination/,Find out if you can get VA disability pay and other benefits for illnesses related to Camp Lejeune water contamination. Learn how to file Camp Lejeune water contamination claims for Veterans or family members.,"November 8th 2018, 00:00:00.000",,"[""camp lejune"",""lejune""]",FALSE,active
VA Decision Ready Claims (DRC) Program,www.va.gov/disability/how-to-file-claim/evidence-needed/decision-ready-claims/,Find out if you can use the VA Decision Ready Claims (DRC) program to get a decision on your VA disability claim in 30 days or less. The DRC program is the fastest way to get your VA claim processed.,"November 8th 2018, 00:00:00.000",,[],FALSE,active
Standard Disability Claims,www.va.gov/disability/how-to-file-claim/evidence-needed/standard-claims/,Filing for VA disability compensation and don't have all your evidence (supporting documents)? Learn about the VA standard claim processing procedures.,"November 8th 2018, 00:00:00.000",,[],FALSE,active
File Supplemental Forms for Special Claims,www.va.gov/disability/how-to-file-claim/supplemental-forms/,Find out if you'll need to turn in any supplemental forms when you file your VA disability claim.,"November 8th 2018, 00:00:00.000",,[],FALSE,active
Manage a legacy VA appeal,www.va.gov/disability/file-an-appeal/,"Learn about the legacy VA appeals process for VA claim decisions dated before February 19, 2019.","November 8th 2018, 00:00:00.000",,[],FALSE,active
Update Your VA Health Benefits Information (Form 10-10EZR),www.va.gov/health-care/update-health-information/,Update your health information.,"November 8th 2018, 00:00:00.000",,"[""10 10 ezr"",""1010ezr""]",FALSE,active
VA Secure Messaging,www.va.gov/health-care/secure-messaging/,"Use VA Secure Messaging to communicate online with your VA health care team. Our My HealtheVet Secure Messaging tool keeps your messages safe, private, and secure.","November 8th 2018, 00:00:00.000",,[],FALSE,active
How to Apply for VA Health Care,www.va.gov/health-care/how-to-apply/,"Find out what documents you'll need to apply for VA health care benefits. Get instructions for completing your VA health care enrollment online or by phone, fax, or mail.","November 8th 2018, 00:00:00.000",,"[""apply"",""how do i apply"",""how do i sign up"",""sign up""]",FALSE,active
Posttraumatic Stress Disorder (PTSD) Treatment,www.va.gov/health-care/health-needs-conditions/mental-health/ptsd/,Posttraumatic Stress Disorder (PTSD) Treatment,"November 8th 2018, 00:00:00.000",,"[""ptsd""]",FALSE,active
Eligibility for VA Health Care,www.va.gov/health-care/eligibility/,"Review VA health care eligibility criteria. Find out who qualifies for VA medical care, how VA priority groups may affect you, and how to apply.","November 8th 2018, 00:00:00.000",,"[""eligibility"",""health care eligibility""]",FALSE,active
Apply for VA Health Care Online (VA Form 10-10EZ),www.va.gov/health-care/apply/application/introduction,Complete your VA Form 10-10EZ online to submit your VA health care application now. Get step-by-step instructions and sign in to save your in-progress application.,"November 8th 2018, 00:00:00.000",,"[""10 10 ez"",""1010ez"",""form 1010ez"",""health care application""]",FALSE,active
Your VA Primary Care Provider and PACT Team,www.va.gov/health-care/about-va-health-benefits/your-care-team/,Learn about your VA primary care provider and other health care providers on your VA PACT team (patient aligned care team). Find out how to change your VA primary care provider and how to schedule an appointment.,"November 8th 2018, 00:00:00.000",,"[""pcp""]",FALSE,active
Eligibility for VA Pension benefits,www.va.gov/pension/eligibility/,"Find out if you're eligible for a Veterans pension based on income limits, your service history, and your current situation. Review VA non-service-connected pension eligibility requirements and learn more about how to apply.","November 8th 2018, 00:00:00.000",,"[""pension eligibility""]",FALSE,active
Aid and Attendance or Housebound Allowance,www.va.gov/pension/aid-attendance-housebound/,Find out if you're eligible and how to apply for VA Aid and Attendance or Housebound benefits for Veterans and surviving spouses.,"November 8th 2018, 00:00:00.000",,"[""a&a"",""aid and attendance"",""household allowance""]",FALSE,active
"Plan a Burial for a Veteran, Spouse, or Dependent Family Member",www.va.gov/burials-memorials/plan-a-burial/,"Plan a Burial for a Veteran, Spouse, or Dependent Family Member","November 8th 2018, 00:00:00.000",,[],FALSE,active
"Honor a Veteran, Reservist, or Family Member with Memorial Items",www.va.gov/burials-memorials/memorial-items/,"Honor a Veteran, Reservist, or Family Member with Memorial Items","November 8th 2018, 00:00:00.000",,[],FALSE,active
Compensation Benefits for Surviving Spouse and Dependents (VA DIC),www.va.gov/burials-memorials/dependency-indemnity-compensation/,Find out how to apply for VA Dependent and Indemnity Compensation (VA DIC).,"November 8th 2018, 00:00:00.000",,"[""Dependent and Indemnity Compensation"",""DIC"",""VA DIC""]",FALSE,active
VA Burial Benefits and Memorial Items,www.va.gov/burials-memorials/,Find out if you're eligible and how to apply for VA burial benefits. Veterans burial benefits include burial in a VA national cemetery and memorial items. Survivors and dependents may also qualify for compensation and other benefits.,"November 8th 2018, 00:00:00.000",,"[""burial"",""memorial""]",FALSE,active
Survivors and Dependents Educational Assistance Program,www.va.gov/education/survivor-dependent-benefits/dependents-education-assistance/,Find out if you can get help paying for school or job training through the Survivors’ and Dependents’ Educational Assistance (DEA) program—also called Chapter 35—if you’re the child or spouse of a Veteran who has died or is disabled.,"November 8th 2018, 00:00:00.000",,"[""chapter 35"",""dea""]",FALSE,active
Other VA Education Benefits,www.va.gov/education/other-va-education-benefits/,Other VA Education Benefits,"November 8th 2018, 00:00:00.000",,[],FALSE,active
Change Your GI Bill School or Program,www.va.gov/education/change-gi-bill-benefits/,Change Your GI Bill School or Program (Form 22-1995 and Form 22-5495),"November 8th 2018, 00:00:00.000",,"[""1995"",""22-1995"",""22-5495"",""5495""]",FALSE,active
Independent and Distance Learning,www.va.gov/education/about-gi-bill-benefits/how-to-use-benefits/online-distance-learning/,Independent and Distance Learning,"November 8th 2018, 00:00:00.000",,[],FALSE,active
National Testing Program,www.va.gov/education/about-gi-bill-benefits/how-to-use-benefits/national-test-fees/,National Testing Program,"November 8th 2018, 00:00:00.000",,[],FALSE,active
About GI Bill Benefits,www.va.gov/education/about-gi-bill-benefits/,"Learn how GI Bill benefits work and explore your options to pay for school or training. You may qualify for VA GI Bill benefits if you're a Veteran, Servicemember, or the family member of a Veteran or Servicember.","November 8th 2018, 00:00:00.000",,"[""gi bill""]",FALSE,active
Trouble Making Mortgage Payments on a VA-Backed Loan?,www.va.gov/housing-assistance/home-loans/trouble-making-payments/,Trouble Making Mortgage Payments on a VA-Backed Loan?,"November 8th 2018, 00:00:00.000",,[],FALSE,active
Native American Direct Loan (NADL),www.va.gov/housing-assistance/home-loans/loan-types/native-american-direct-loan/,Native American Direct Loan (NADL),"November 8th 2018, 00:00:00.000",,[],FALSE,active
Cash-Out Refinance Loan,www.va.gov/housing-assistance/home-loans/loan-types/cash-out-loan/,Cash-Out Refinance Loan,"November 8th 2018, 00:00:00.000",,[],FALSE,active
How to Apply for a VA Home Loan Certificate of Eligibility (COE),www.va.gov/housing-assistance/home-loans/how-to-apply/,"Find out how to apply for a VA home loan Certificate of Eligibility (COE). To get a VA-backed home loan, you'll give this COE to your lender to show that you qualify for this benefit based on your service history and duty status.","November 8th 2018, 00:00:00.000",,"[""coe""]",FALSE,active
Daily Burial Schedule,cem.va.gov/cem/dailyburialschedule/,Daily Burial Schedule,"November 8th 2018, 00:00:00.000",,[],FALSE,active
Frequently Asked Questions,www.cem.va.gov/cem/faq.asp,Frequently Asked Questions,"November 8th 2018, 00:00:00.000",,[],FALSE,active
GI Bill Regional Processing Offices,www.benefits.va.gov/gibill/regional_processing.asp,GI Bill Regional Processing Offices,"November 8th 2018, 00:00:00.000",,[],FALSE,active
Veterans Day Posters and Information,www.va.gov/opa/vetsday/,The Veterans Day National Committee recognizes select Veterans Day observances throughout the country that represent fitting tributes to America’s heroes serve as models for other communities to follow in planning their own observances.,"November 8th 2018, 00:00:00.000",,"[""2018 poster"",""poster"",""vets day""]",FALSE,active
"John D. Dingell VA Medical Center, Detroit, Michigan",www.detroit.va.gov/,"4646 John R Street Detroit, MI 48201 Tel: 313-576-1000","November 10th 2018, 00:00:00.000",,[],FALSE,active
National Capital Regional Office,www.benefits.va.gov/washington/,"1722 I St., NW Washington, DC 20421 Monday-Friday, 8am-4pm","November 10th 2018, 00:00:00.000",,[],FALSE,active
Disability Benefits Questionnaires (DBQs),www.benefits.va.gov/compensation/dbq_disabilityexams.asp,Disability Benefits Questionnaires (DBQs) give Veterans more control over the disability claims process.,"November 30th 2018, 00:00:00.000",,"[""dbq"",""disability benefits questionnaire""]",FALSE,active
Managing Your Prescription Refills Online,www.myhealth.va.gov/mhv-portal-web/web/myhealthevet/managing-your-prescription-refills,My HealtheVet online prescription tools make it easier to manage your medicines.,"November 30th 2018, 00:00:00.000",,"[""pharmacy"",""prescriptions"",""RX""]",FALSE,active
File a Supplemental Claim with New Evidence,www.va.gov/decision-reviews/supplemental-claim/,"When you choose to file a Supplemental Claim, you’re adding new evidence that’s relevant to your case or identifying new evidence for review. A reviewer will determine whether the new evidence changes the decision.","March 1st 2020, 00:00:00.000",,"[""sc"",""supplemental claim""]",FALSE,active
Request a Board Appeal,www.va.gov/decision-reviews/board-appeal/,"When you choose this option, you’re appealing to a Veterans Law Judge at the Board of Veterans' Appeals in Washington, D.C. A judge who’s an expert in Veterans law will review your case.","March 1st 2020, 00:00:00.000",,"[""board appeal"",""nod"",""notice"",""notice of disagreement""]",FALSE,active
Novel Coronavirus Disease (COVID-19),www.publichealth.va.gov/n-coronavirus/,VA is working closely with the Centers for Disease Control and Prevention (CDC) and other federal partners to monitor an outbreak of Novel Coronavirus. Visit the CDC website up to date info: https://www.cdc.gov/coronavirus/2019-ncov/index.html,"March 10th 2020, 00:00:00.000",,"[""coronavirus""]",FALSE,active
[OFF SITE] Office of Personnel Management eOPF,eopf.opm.gov/va/,[This website is not hosted by the Department of Veterans Affairs.] Office of Personnel Management website to access the electronic official personnel folder.,"December 17th 2019, 00:00:00.000",,"[""eopf""]",FALSE,active
Discover State Benefits,www.va.gov/statedva.htm,Find the website for a state or territory Department of Veterans Affairs office.,"June 23rd 2020, 00:00:00.000",,"[""local"",""state""]",FALSE,active
Prosthetic Socks,www.va.gov/health-care/order-prosthetic-socks/,Find out if you are eligible to order prosthetic stocks from VA for Veterans with amputations. And learn how to order online or by phone or mail.,"July 27th 2020, 00:00:00.000",,[],FALSE,active
Pre-Need Eligibility Determination For Burial in a VA National Cemetery,www.va.gov/burials-memorials/pre-need-eligibility/,Find out in advance if you're eligible to be buried in a VA national cemetery. Make the burial planning process easier for family by determining eligibility beforehand.,"November 8th 2018, 00:00:00.000",,"[""burial application"",""burial eligibility"",""pre-need eligibility burial""]",FALSE,active
Foreign Programs,www.va.gov/education/about-gi-bill-benefits/how-to-use-benefits/study-at-foreign-schools/,"If you plan to study at a foreign school, find out how you can use VA benefits to cover your tuition and fees.","October 6th 2020, 00:00:00.000",,"[""foreign study""]",FALSE,active
Blue Water Navy Vietnam Veterans Act of 2019,benefits.va.gov/benefits/blue-water-navy.asp,"If you served on a Navy or Coast Guard ship near Vietnam, or in Korea during the Vietnam Era, you may be eligible for disability payments under a new law. The law also helps some Veterans get better terms on housing loans. Learn more about the benefits.","December 31st 2019, 00:00:00.000",,"[""blue water"",""blue water navy"",""blue water navy veterans"",""blue water bill""]",FALSE,active
Get a Veteran Health Identification Card (VHIC),www.va.gov/health-care/get-health-id-card/,Learn how to get a Veteran Health Identification Card (VHIC). Find out what to do if your card is lost or stolen and what to do with old ID cards you may have used for VA health care in the past.,"December 30th 2020, 00:00:00.000",,"[""health card"",""vhic"",""vhic status""]",FALSE,active
Download VA Benefit Letters,www.va.gov/records/download-va-letters/,"To receive some benefits, Veterans need a letter proving their status. You can access and download some of these benefit letters and documents online.","November 8th 2018, 00:00:00.000",,"[""award letter"",""letter"",""award letters"",""letters""]",FALSE,active
Add Dependents to Your VA Disability Benefits,www.va.gov/disability/add-remove-dependent/,Find out about adding dependents to your VA disability benefits for additional compensation.,"November 8th 2018, 00:00:00.000",,"[""declare"",""dependent"",""dependents""]",FALSE,active
Servicemembers’ Group Life Insurance (SGLI),www.va.gov/life-insurance/options-eligibility/sgli/,Servicemembers’ Group Life Insurance (SGLI) offers low-cost term coverage to eligible service members.,"April 29th 2019, 00:00:00.000",,"[""life insurance"",""sgli"",""VA life insurance""]",FALSE,active
Declare VA Dependents Online (VA Form 21-686c),www.va.gov/find-forms/about-form-21-686c/,Declare VA Dependents Online (VA Form 21-686c),"November 8th 2018, 00:00:00.000",,"[""add""]",FALSE,active
Find a Yellow Ribbon school,www.va.gov/education/yellow-ribbon-participating-schools/,"Find out if your school participates in the Yellow Ribbon Program. If you already have Post-9/11 GI Bill benefits, this program may help you pay for tuition for a degree or training program at a college or other institution of higher learning.","January 13th 2021, 00:00:00.000",,"[""find a yellow ribbon school""]",FALSE,active
Manage your VA debt,www.va.gov/manage-va-debt/,Use our online tool to check the status of your VA debt and find out what options you have to resolve it.,"December 3rd 2018, 00:00:00.000",,"[""debt"",""debt management"",""debt letter""]",FALSE,active
What if I can’t sign in to VA.gov because my password doesn’t work?,www.va.gov/resources/what-if-i-cant-sign-in-to-vagov-because-my-password-doesnt-work/,"First, try resetting the password for the account you use to sign in to VA.gov....","January 25th 2021, 00:00:00.000",,"[""password"",""password help"",""reset password"",""forgot password""]",FALSE,active
Update Your Direct Deposit Information,www.va.gov/change-direct-deposit/,Change your direct deposit and contact information for certain VA benefits online.,"November 30th 2018, 00:00:00.000",,"[""direct deposit""]",FALSE,active
VSOs and Accredited Representatives,benefits.va.gov/vso/index.asp,"Veteran Service Organizations (VSOs) are private groups that advocate on behalf of Veterans, Servicemembers, dependents, and survivors. An accredited representative is an individual who has undergone a formal training process to assist claimants.","December 4th 2018, 00:00:00.000",,"[""accredited representative"",""representative"",""vso""]",FALSE,active
"Federal Benefits for Veterans, Dependents and Survivors",www.va.gov/opa/publications/benefits_book.asp,This benefits booklet contains a brief overview of the most commonly sought information concerning Veterans benefits and services.,"May 29th 2019, 00:00:00.000",,"[""benefits book"",""benefits booklet"",""benefits handbook""]",FALSE,active
Find community-based urgent care,www.va.gov/COMMUNITYCARE/programs/veterans/Urgent_Care.asp,"Find non-VA urgent care providers who treat injuries and illnesses that require immediate attention, but are not life-threatening.","June 12th 2019, 00:00:00.000",,"[""community care"",""urgent care"",""walk-in care"",""walk-in clinic"",""walk-in urgent care""]",FALSE,active
How to Apply for a Discharge Upgrade,www.va.gov/discharge-upgrade-instructions/,Get customized step-by-step instructions on how to apply for a discharge upgrade or correction.,"November 1st 2018, 00:00:00.000",,"[""discharge"",""discharge upgrade""]",FALSE,active
VA National Center for PTSD,www.ptsd.va.gov/,"Posttraumatic Stress Disorder (PTSD) is a mental health problem that can occur after a traumatic event like war, assault, or disaster. PTSD treatment can help. Find handouts, apps, videos, and courses based on current research.","November 8th 2018, 00:00:00.000",,"[""ptsd""]",FALSE,active
CHAMPVA Benefits,www.va.gov/health-care/family-caregiver-benefits/champva/,"CHAMPVA benefits cover the cost of health care for the spouse, surviving spouse, or child of a Veteran who has disabilities or who is deceased.","November 8th 2018, 00:00:00.000",,"[""champ va""]",FALSE,active
Eligibility for VA Disability Benefits,www.va.gov/disability/eligibility/,Read VA disability benefits eligibility criteria to see if you qualify for compensation for a presumptive disability or other service-connected conditions.,"November 8th 2018, 00:00:00.000",,"[""disability eligibility"",""eligibility""]",FALSE,active
Agent Orange Exposure,www.va.gov/disability/eligibility/hazardous-materials-exposure/agent-orange/,Learn about VA disability compensation and other benefits for Veterans with illnesses related to Agent Orange exposure during the Vietnam War or in certain related jobs.,"November 8th 2018, 00:00:00.000",,[],FALSE,active
Non-Hodgkin's Lymphoma Linked to Agent Orange,www.va.gov/disability/eligibility/hazardous-materials-exposure/agent-orange/non-hodgkins-lymphoma/,"Non-Hodgkin's Lymphoma (a type of cancer) can be caused by contact with Agent Orange. If you served in or near Vietnam during the Vietnam War, or in certain related jobs, and you have this cancer, find out if you're eligible for VA disability pay.","November 8th 2018, 00:00:00.000",,[],FALSE,active
Agent Orange Exposure While Serving in Vietnam or Korea,www.va.gov/disability/eligibility/hazardous-materials-exposure/agent-orange/service-in-vietnam-korea/,"If you served in Vietnam or in the Korean DMZ during the Vietnam Era, you may have had contact with Agent Orange. Find out if you're eligible for VA disability pay and other benefits for illnesses related to contact with this toxic chemical.","November 8th 2018, 00:00:00.000",,[],FALSE,active
Ionizing Radiation Exposure,www.va.gov/disability/eligibility/hazardous-materials-exposure/ionizing-radiation/,Find out if you can get VA disability pay and health care for illnesses linked to ionizing radiation exposure during military service. Illnesses include some cancers. You may have had contact with ionizing radiation if you served in certain roles.,"November 8th 2018, 00:00:00.000",,[],FALSE,active
Chemical and Biological Exposure Through Projects 112 or SHAD,www.va.gov/disability/eligibility/hazardous-materials-exposure/project-112-shad/,"If you were part of Project 112 or Project SHAD, you may be at risk for certain illnesses. Find out if you can get VA disability pay and other benefits. You can also learn more about certain test sites, ships, and units involved in this testing.","November 8th 2018, 00:00:00.000",,[],FALSE,active
Gulf War Illness Linked to Service in Southwest Asia,www.va.gov/disability/eligibility/hazardous-materials-exposure/gulf-war-illness-southwest-asia/,"Find out if you can get VA disability compensation for illnesses linked to Gulf War service in Southwest Asia (often called ""Gulf War Syndrome"").","November 8th 2018, 00:00:00.000",,[],FALSE,active
Dental Benefits for Veterans with Disabilities,www.va.gov/disability/eligibility/special-claims/dental-care/,"Find out if you can get VA dental benefits for disabled Veterans. If you have a service-connected disability or meet other qualifications, you may be able to get some or all of your dental care through VA.","November 8th 2018, 00:00:00.000",,[],FALSE,active
Increased Disability Rating for Time Spent in a Hospital,www.va.gov/disability/eligibility/special-claims/temporary-increase-for-time-in-hospital/,"If you spent time in a VA or VA-approved hospital for a disability related to your military service, find out if you can get added disability pay. You may be able to get a temporary 100% disability rating for the time you sent in the hospital.","November 8th 2018, 00:00:00.000",,[],FALSE,active
VA Individual Unemployability (Veterans Who Can't Work Due to a Disability),www.va.gov/disability/eligibility/special-claims/unemployability/,Find out how to file for VA individual unemployability compensation if you're an unemployed Veteran who can't work due to a service-connected disability.,"November 8th 2018, 00:00:00.000",,[],FALSE,active
VA Temporary Disability Benefits (Prestabilization Rating),www.va.gov/disability/eligibility/special-claims/temporary-rating-prestabilization/,"Find out if you can get VA temporary disability benefits if you recently ended your active military service and you have a service-connected disability. If you qualify, you'll get what's called a prestabilization rating.","November 8th 2018, 00:00:00.000",,[],FALSE,active
VA Fully Developed Claims Program,www.va.gov/disability/how-to-file-claim/evidence-needed/fully-developed-claims/,Find out how to file a fully developed claim to get a faster decision on your VA disability compensation claim.,"November 8th 2018, 00:00:00.000",,[],FALSE,active
File Your VA Disability Claim Online (VA Form-21-526EZ),www.va.gov/disability/file-disability-claim-form-21-526ez/,Use VA Form 21-526ez to file your VA disability claim online now.,"November 8th 2018, 00:00:00.000",,"[""526""]",FALSE,active
The VA Claim Process after You File Your Claim,www.va.gov/disability/after-you-file-claim/,"Find out what happens in the VA claim process after you file your claim. Learn about the steps in the VA disability claim processing timeline and how long it takes, on average, to get your VA disability rating.","November 8th 2018, 00:00:00.000",,[],FALSE,active
Request a Priority Review,www.va.gov/disability/file-an-appeal/request-priority-review/,"Find out how to request a priority review to have your VA appeal moved to the front of the line (called ""Advanced on the Board of Veterans' Appeals Docket"").","November 8th 2018, 00:00:00.000",,[],FALSE,active
Veterans Programs for Health and Wellness,www.va.gov/health-care/wellness-programs/,Learn about programs for health and wellness.,"November 8th 2018, 00:00:00.000",,[],FALSE,active
Veteran Suicide Prevention,www.va.gov/health-care/health-needs-conditions/mental-health/suicide-prevention/,Veteran Suicide Prevention,"November 8th 2018, 00:00:00.000",,[],FALSE,active
Korean War Veterans Health Issues,www.va.gov/health-care/health-needs-conditions/health-issues-related-to-service-era/korean-war/,Korean War Veterans Health Issues,"November 8th 2018, 00:00:00.000",,[],FALSE,active
Veterans Health Issues Related to Service History,www.va.gov/health-care/health-needs-conditions/health-issues-related-to-service-era/,Veterans Health Issues Related to Service History,"November 8th 2018, 00:00:00.000",,[],FALSE,active
Chemical or Hazardous Material Exposure,www.va.gov/health-care/health-needs-conditions/chemical-hazardous-materials-exposure/,Chemical or Hazardous Material Exposure,"November 8th 2018, 00:00:00.000",,[],FALSE,active
Family and Caregiver Health Care Benefits,www.va.gov/health-care/family-caregiver-benefits/,"Learn about VA medical benefits for the spouses, dependents, and family caregivers.","November 8th 2018, 00:00:00.000",,"[""spouse benefits""]",FALSE,active
VA Dental Care,www.va.gov/health-care/about-va-health-benefits/dental-care/,"Find out if you qualify for VA dental care benefits depending on factors like your disability rating, service history, and specific needs. If you don't qualify for free dental care, find out how to buy dental insurance through VA.","November 8th 2018, 00:00:00.000",,[],FALSE,active
Pension,www.va.gov/pension/,"Apply for VA pension benefits for wartime Veterans and survivors with limited or no income who meet certain age and disability requirements. Find out if you're eligible for monthly payments, view pension rates for Veterans and survivors, and apply now.","November 8th 2018, 00:00:00.000",,[],FALSE,active
How to apply for a VA pension as a Veteran,www.va.gov/pension/how-to-apply/,"Find out how to apply for a VA pension online, by mail, in person, or with the help of a trained professional.","November 8th 2018, 00:00:00.000",,"[""apply for pension"",""intent to file""]",FALSE,active
Survivors Pension Rates,www.va.gov/pension/survivors-pension-rates/,Survivors Pension Rates,"November 8th 2018, 00:00:00.000",,[],FALSE,active
What to Expect at a Military Funeral,www.va.gov/burials-memorials/what-to-expect-at-military-funeral/,What to Expect at a Military Funeral,"November 8th 2018, 00:00:00.000",,[],FALSE,active
Bereavement Counseling,www.va.gov/burials-memorials/bereavement-counseling/,Bereavement Counseling,"November 8th 2018, 00:00:00.000",,[],FALSE,active
VA Education Benefits for Survivors and Dependents,www.va.gov/education/survivor-dependent-benefits/,Find out if you're eligible and how to apply for GI Bill and other VA education benefits for dependents and survivors (also known as Chapter 35).,"November 8th 2018, 00:00:00.000",,"[""dea""]",FALSE,active
Opt-out Form,www.va.gov/education/opt-out-information-sharing/opt-out-form-0993/,Opt-out Form,"November 8th 2018, 00:00:00.000",,[],FALSE,active
Apply Online For GI Bill Benefits (VA Form 1990),www.va.gov/education/apply-for-education-benefits/application/1990/introduction/,Apply Online For GI Bill Benefits (Equal to VA Form 22-1990 Application for VA Education Benefits).,"November 8th 2018, 00:00:00.000",,"[""22-1990""]",FALSE,active
Work Study,www.va.gov/education/about-gi-bill-benefits/how-to-use-benefits/work-study/,Work Study,"November 8th 2018, 00:00:00.000",,[],FALSE,active
Tutorial Assistance,www.va.gov/education/about-gi-bill-benefits/how-to-use-benefits/tutor-assistance/,Tutorial Assistance,"November 8th 2018, 00:00:00.000",,[],FALSE,active
Post-9/11 GI Bill (Chapter 33),www.va.gov/education/about-gi-bill-benefits/post-9-11/,"Find out if you can help paying for school or job training through the Post-9/11 GI Bill (Chapter 33). You may qualify if you served on active duty after September 10, 2001, or if you're the qualified spouse or dependent child of a Veteran.","November 8th 2018, 00:00:00.000",,[],FALSE,active
VA Housing Assistance,www.va.gov/housing-assistance/,"Find out if you're eligible and how to apply for VA housing assistance. We offer Veterans housing assistance, including VA-backed home loans and grants for Veterans with service-connected disabilities.","November 8th 2018, 00:00:00.000",,[],FALSE,active
Apply for a Veteran ID Card (VIC),www.va.gov/records/get-veteran-id-cards/vic/,"A Veteran ID Card (VIC) is a form of photo ID you can use to get discounts offered to Veterans at many restaurants, hotels, stores, and other businesses. Find out if you’re eligible for a Veteran ID Card—and how to apply.","November 8th 2018, 00:00:00.000",,"[""vic"",""vic application""]",FALSE,active
Washington DC VA Medical Center,www.washingtondc.va.gov/,"50 Irving Street, NW Washington, DC 20422","November 10th 2018, 00:00:00.000",,[],FALSE,active
Office of Human Resources and Administration,www.va.gov/employee/,HR&amp;A sets the strategic direction and articulates the vision that places the VA Human Resources community at the very cornerstone of the VA mission of care and service to the Nation’s Veterans and their families.,"November 15th 2018, 00:00:00.000",,"[""eopf""]",FALSE,active
Check Your VA Claim or Appeal Status,www.va.gov/claim-or-appeal-status/,You can use this tool to check the status of a VA claim or appeal for compensation.,"November 15th 2018, 00:00:00.000",,"[""claim status"",""status""]",FALSE,active
Information for Tax Season,www.va.gov/health/aca/Information-For-Tax-Season.asp,"If you were enrolled in one of VA’s programs, you will receive a new Form 1095-B (Health Coverage) from VA by mail.","February 4th 2020, 00:00:00.000",,"[""1095"",""1095-B""]",FALSE,active
File a Claim While Overseas,www.va.gov/disability/how-to-file-claim/when-to-file/pre-discharge-claim/file-while-overseas/,"If you're serving on active duty overseas and believe you have a service-connected disability, find out how to file a pre-discharge claim. You can file through the Benefits Delivery at Discharge (BDD) program 180 to 90 days before discharge.","November 8th 2018, 00:00:00.000",,[],FALSE,active
Pre-discharge Claim,www.va.gov/disability/how-to-file-claim/when-to-file/pre-discharge-claim/,"If you're on active duty and believe you have a service-connected disability, find out how to file a pre-discharge claim for VA disability benefits. You can file through the Benefits Delivery at Discharge (BDD) program 180 to 90 days before discharge.","November 8th 2018, 00:00:00.000",,"[""bdd"",""pre-discharge""]",FALSE,active
File for increased disability compensation,www.va.gov/disability/how-to-file-claim,Equal to VA Form 21-526EZ (Application for Disability Compensation and Related Compensation Benefits).,"November 8th 2018, 00:00:00.000",,"[""526"",""claim for increase"",""Disability Increase"",""increase disability compensation""]",FALSE,active
myVA311,www.va.gov/landing2_contact.htm,Dial 1-844-MyVA311 (1-844-698-2311). You will hear a menu of options that you can select from to route you to the right place,"August 6th 2020, 00:00:00.000",,"[""311"",""myVA311""]",TRUE,active
VA outreach materials and events calendar,www.va.gov/outreach-and-events/,"Explore resources for our outreach partners such as Veteran Service Organizations (VSOs), and sign up for events.","September 14th 2020, 00:00:00.000",,"[""outreach materials"",""events calendar""]",FALSE,active
Get Paid Back For Test Fees | Veterans Affairs,www.va.gov/education/about-gi-bill-benefits/how-to-use-benefits/test-fees/,"Find out how you can get reimbursed for registration fees, admissions tests like the GRE, GMAT, or LSAT, and specialized tests if your job requires a license or certification. Learn what forms you'll need to submit when applying for this benefit.","October 7th 2020, 00:00:00.000",,"[""certification"",""licensing""]",FALSE,active
Coronavirus FAQs: What Veterans need to know,www.va.gov/coronavirus-veteran-frequently-asked-questions/,Get the latest information about how COVID-19 may impact your VA health care and other VA benefits and services.,"March 20th 2020, 00:00:00.000",,"[""coronavirus"",""covid"",""covid-19"",""covid19"",""novel coronavirus""]",FALSE,active
VA events,www.va.gov/outreach-and-events/events/,"Veterans' benefits help Veterans and their families buy homes, earn degrees, start careers, stay healthy, and more. Join an event for conversation and information.","September 14th 2020, 00:00:00.000",,"[""calendar"",""events"",""happenings"",""outreach events"",""townhall meetings"",""events calendar"",""event calendar""]",FALSE,active
Filing a Supplemental Claim (Form 20-0995),www.va.gov/find-forms/about-form-20-0995/,"When you choose to file a Supplemental Claim, you’re adding new evidence that’s relevant to your case or identifying new evidence for review.","December 30th 2020, 00:00:00.000",,"[""supplemental claim"",""VA Form 20-0995"",""Form 20-0995"",""20-0995""]",FALSE,active
Purchase Loan,www.va.gov/housing-assistance/home-loans/loan-types/purchase-loan/,Lenders offer competitive interest rates on VA-backed purchase loans. Find out if you’re eligible for this loan.,"November 8th 2018, 00:00:00.000",,"[""purchase loan""]",TRUE,active
Educational and Career Counseling (VA Chapter 36),www.va.gov/careers-employment/education-and-career-counseling/,"Personalized Career Planning and Guidance (PCPG), or VA Chapter 36, offers free educational and career guidance, planning, and resources to Veterans and their dependents who are eligible for a VA education benefit. Apply online.","December 3rd 2020, 00:00:00.000",,"[""Chapter 36"",""PCPG"",""Personalized Career Planning and Guidance""]",FALSE,active
Authorization to Disclose Personal Information to a Third Party (VA Form 21-0845),www.va.gov/find-forms/about-form-21-0845/,Use VA Form 21-0845 to authorize VA to share your personal information with a non-VA (third-party) individual or organization.,"December 30th 2020, 00:00:00.000",,"[""Disclose Personal Information"",""Third Party Information Disclosure""]",FALSE,active
Veterans’ Group Life Insurance (VGLI),www.va.gov/life-insurance/options-eligibility/vgli/,"With Veterans’ Group Life Insurance (VGLI), you may be able to keep your life insurance coverage after you leave the military for as long as you continue to pay the premiums.","December 30th 2020, 00:00:00.000",,"[""vgli"",""VA life insurance"",""veterans group life insurance""]",FALSE,active
Signing in to VA.gov,www.va.gov/resources/signing-in-to-vagov/,Get answers to your questions about signing in to VA.gov to manage your benefits and services online.,"January 11th 2021, 00:00:00.000",,"[""va.gov login"",""va.gov sign in help"",""password"",""log in""]",FALSE,active
Dependency and Indemnity Compensation (DIC),benefits.va.gov/compensation/types-dependency_and_indemnity.asp,Dependency and Indemnity Compensation (DIC) is a tax-free monetary benefit paid to eligible survivors of military Servicemembers who died in the line of duty or eligible survivors of Veterans whose death resulted from a service-related injury or disease.,"February 7th 2019, 00:00:00.000",,"[""Dependency and Indemnity Compensation"",""DIC""]",FALSE,active
Types of Veteran ID Cards,www.va.gov/records/get-veteran-id-cards/,Learn about the different types of ID cards you can get to show you're a Veteran.,"November 1st 2018, 00:00:00.000",,"[""apply for id"",""id"",""id card"",""id card application"",""identification card"",""va id"",""va id card"",""veterans id card""]",FALSE,active
VA Disability Compensation,www.va.gov/disability/,"Find out if you're eligible for VA disability pay (compensation) for a service-connected disability. Learn about VA disability benefits, ratings, which conditions qualify, how to apply, and what to expect after you apply for Veterans disability.","November 8th 2018, 00:00:00.000",,"[""compensation"",""disability"",""disability compensation"",""disability pay""]",FALSE,active
Agent Orange Registry Exam,www.va.gov/disability/eligibility/hazardous-materials-exposure/agent-orange/registry-health-exam/,Find out how to request an Agent Orange Registry health exam if you think you had contact with this toxic herbicide during military service.,"November 8th 2018, 00:00:00.000",,[],FALSE,active
Agent Orange Exposure from C-123 Aircraft,www.va.gov/disability/eligibility/hazardous-materials-exposure/agent-orange/c-123-aircraft/,"If you flew on, or worked with, C-123 aircraft in Vietnam or other locations, you may have had contact with Agent Orange. Find out if you're eligible for VA disability pay and other benefits for illnesses related to contact with this toxic chemical.","November 8th 2018, 00:00:00.000",,"[""c123""]",FALSE,active
Agent Orange exposure on Navy or Coast Guard ships,www.va.gov/disability/eligibility/hazardous-materials-exposure/agent-orange/navy-coast-guard-ships-vietnam/,"If you served on a Navy or Coast Guard ship in or around Vietnam during the Vietnam Era, you may have been exposed to Agent Orange. Find out if you're eligible for VA disability pay and other benefits for illnesses related to contact with this herbicide.","November 8th 2018, 00:00:00.000",,"[""blue water"",""blue water navy""]",FALSE,active
Mustard Gas or Lewisite Exposure,www.va.gov/disability/eligibility/hazardous-materials-exposure/mustard-gas-lewisite/,Find out if you can get VA disability pay and other benefits for illnesses related to mustard gas or lewisite exposure. You may have had contact with mustard gas or lewisite if you served in certain areas during WW2.,"November 8th 2018, 00:00:00.000",,[],FALSE,active
Disability Benefits for Former Prisoners of War (POWs),www.va.gov/disability/eligibility/former-pows/,Learn about VA disability compensation and other benefits for former Prisoners of War (POWs). Learn which conditions these benefits cover and how to file your claim.,"November 8th 2018, 00:00:00.000",,[],FALSE,active
Benefits for Disabilities That Appear within 1 Year after Discharge,www.va.gov/disability/eligibility/illnesses-within-one-year-of-discharge/,Find out how to apply for VA disability compensation for a condition that started within one year after discharge from active military service.,"November 8th 2018, 00:00:00.000",,[],FALSE,active
Special Claims,www.va.gov/disability/eligibility/special-claims/,"If you're a Veteran living with a service-connected disability, find out if you can get special compensation for help with certain needs.","November 8th 2018, 00:00:00.000",,[],FALSE,active
VA Automobile Allowance and Adaptive Equipment,www.va.gov/disability/eligibility/special-claims/automobile-allowance-adaptive-equipment/,Find out if you can get a VA automobile allowance if you're a Veteran living with a service-connected disability that prevents you from driving.,"November 8th 2018, 00:00:00.000",,[],FALSE,active
How to File a VA Disability Claim,www.va.gov/disability/how-to-file-claim/,"Find out how to file a VA disability claim for a service-connected disability online, by mail, in person, or with the help of a trained professional.","November 8th 2018, 00:00:00.000",,"[""claim"",""claims"",""disability claim"",""intent to file""]",FALSE,active
Types of VA Disability Claims and When to File,www.va.gov/disability/how-to-file-claim/when-to-file/,Learn about the different types of VA claims for disability compensation.,"November 8th 2018, 00:00:00.000",,"[""claim"",""claims"",""compensation"",""disability claim"",""disability compensation""]",FALSE,active
How to Gather Evidence for Your Claim,www.va.gov/disability/how-to-file-claim/evidence-needed/,Find out what evidence you'll need when you file a VA disability claimand what your options are for gathering documents to support your claim.,"November 8th 2018, 00:00:00.000",,[],FALSE,active
Get Help Filing a Claim,www.va.gov/disability/get-help-filing-claim/,Get help filing your VA disability claim from an accredited Veterans service representative. We trust these professionals because they are trained and certified in the VA claims and appeals processes.,"November 8th 2018, 00:00:00.000",,"[""vso""]",FALSE,active
Women's Health Care Needs,www.va.gov/health-care/health-needs-conditions/womens-health-needs/,Women's Health Care Needs,"November 8th 2018, 00:00:00.000",,[],FALSE,active
Vietnam War Veterans Health Issues,www.va.gov/health-care/health-needs-conditions/health-issues-related-to-service-era/vietnam-war/,Vietnam War Veterans Health Issues,"November 8th 2018, 00:00:00.000",,"[""vietnam war diseases""]",FALSE,active
VA Blind and Low Vision Rehabilitation Services,www.va.gov/health-care/about-va-health-benefits/vision-care/blind-low-vision-rehab-services/,VA offers benefits for Veterans who are blind or have low vision. This includes blind rehabilitation services at VA blind rehab centers.,"November 8th 2018, 00:00:00.000",,[],FALSE,active
About VA Health Benefits,www.va.gov/health-care/about-va-health-benefits/,"Learn about the VA health benefits in your VA medical benefits package. Get details on Veterans medical benefits, like which services we cover, who will care for you, where you'll go for care, and how VA health care works with other insurance.","November 8th 2018, 00:00:00.000",,[],FALSE,active
VA Health Care,www.va.gov/health-care/,"VA health care offers access to primary and specialty care, including home health, geriatric (edler), women's health, and mental health care. Find out how to apply for and manage the Veterans health care benefits you've earned.","November 8th 2018, 00:00:00.000",,[],FALSE,active
Apply for Veterans Pension,www.va.gov/pension/application/527EZ/introduction,"Submit your VA pension application (VA Form 21P-527EZ) online now. Get step-by-step instructions, and consider signing in to save your in-progress application if you need to come back later to finish filling it out.","November 8th 2018, 00:00:00.000",,"[""21p527ez"",""form 21p 527ez""]",FALSE,active
Survivors Pension,www.va.gov/pension/survivors-pension/,"Find out if you're eligible and how to apply for a VA survivors pension (some people call this a ""VA widows pension"" or ""VA death pension"").","November 8th 2018, 00:00:00.000",,[],FALSE,active
Pension Management Centers,www.va.gov/pension/pension-management-centers/,Pension Management Centers,"November 8th 2018, 00:00:00.000",,"[""pension management""]",FALSE,active
Request a Presidential Memorial Certificate to Honor a Veteran or Reservist,www.va.gov/burials-memorials/memorial-items/presidential-memorial-certificates/,Find out how to apply for a presidential memorial certificate (PMC) to honor the military service of a Veteran or Reservist. A PMC is an engraved paper certificate signed by the current president of the United States.,"November 8th 2018, 00:00:00.000",,[],FALSE,active
Request a Burial Flag to Honor a Veteran or Reservist,www.va.gov/burials-memorials/memorial-items/burial-flags/,Find out how to apply for a United States burial flag to drape over the casket (or coffin) or place with the urn of a Veteran or Reservist in honor of their military service. And learn how to properly display and care for burial flags.,"November 8th 2018, 00:00:00.000",,[],FALSE,active
Transfer Your Post-9/11 GI Bill Benefits,www.va.gov/education/transfer-post-9-11-gi-bill-benefits/,Find out if you can transfer any of your unused Post-9/11 GI Bill benefits to your spouse or dependent children. And learn how to apply for a transfer online or by mail.,"November 8th 2018, 00:00:00.000",,[],FALSE,active
VEAP,www.va.gov/education/other-va-education-benefits/veap/,VEAP,"November 8th 2018, 00:00:00.000",,[],FALSE,active
Apply for NCS,www.va.gov/education/apply-for-education-benefits/application/1990N/introduction,Apply for NCS,"November 8th 2018, 00:00:00.000",,[],FALSE,active
National Call to Service,www.va.gov/education/other-va-education-benefits/national-call-to-service-program/,National Call to Service,"November 8th 2018, 00:00:00.000",,[],FALSE,active
Eligibility for the GI Bill and Other Education Benefits,www.va.gov/education/eligibility/,Review GI Bill eligibility requirements to find out if you can get help paying for school or training.,"November 8th 2018, 00:00:00.000",,"[""education eligibility""]",FALSE,active
After You Apply,www.va.gov/education/after-you-apply/,After You Apply,"November 8th 2018, 00:00:00.000",,[],FALSE,active
GI Bill School Comparison Tool,www.va.gov/gi-bill-comparison-tool/,GI Bill School Comparison Tool,"November 8th 2018, 00:00:00.000",,"[""gi bill""]",FALSE,active
Tuition Assistance Top-up,www.va.gov/education/about-gi-bill-benefits/how-to-use-benefits/tuition-assistance-top-up/,Tuition Assistance Top-up,"November 8th 2018, 00:00:00.000",,[],FALSE,active
Non-college Degree Programs,www.va.gov/education/about-gi-bill-benefits/how-to-use-benefits/non-college-degree-programs/,Non-college Degree Programs,"November 8th 2018, 00:00:00.000",,[],FALSE,active
Flight Training,www.va.gov/education/about-gi-bill-benefits/how-to-use-benefits/flight-training/,Flight Training,"November 8th 2018, 00:00:00.000",,[],FALSE,active
How to Use Your GI Bill Benefits,www.va.gov/education/about-gi-bill-benefits/how-to-use-benefits/,"Find out how to use GI Bill benefits to advance your education and training. You can use your benefits many ways, including paying for college or graduate tuition, and more.","November 8th 2018, 00:00:00.000",,[],FALSE,active
Montgomery GI Bill Selected Reserve (MGIB-SR),www.va.gov/education/about-gi-bill-benefits/montgomery-selected-reserve/,Montgomery GI Bill Selected Reserve (MGIB-SR),"November 8th 2018, 00:00:00.000",,[],FALSE,active
VA Education and Training Benefits,www.va.gov/education/,"Find out if you're eligible and how to apply for VA education benefits for Veterans, Servicemembers, and their qualified family members.","November 8th 2018, 00:00:00.000",,"[""0994"",""1990"",""1990e"",""1990n"",""1995"",""5490"",""education""]",FALSE,active
Principles of Excellence,www.va.gov/education/choosing-a-school/principles-of-excellence/,VA Education and Training Benefits,"November 8th 2018, 00:00:00.000",,[],FALSE,active
Choosing GI Bill Approved Schools,www.va.gov/education/choosing-a-school/,Principles of Excellence,"November 8th 2018, 00:00:00.000",,[],FALSE,active
VA Home Loan Types,www.va.gov/housing-assistance/home-loans/loan-types/,"Learn about the different VA home loan types, including VA direct and VA-backed home loans to help you buy, build, repair, or refinance a home.","November 8th 2018, 00:00:00.000",,[],FALSE,active
"Home Loans for Veterans, Servicemembers, and Survivors",www.va.gov/housing-assistance/home-loans/,"Find out if you're eligible and how to apply for VA direct and VA-backed home loans for Veterans, Servicemembers, and survivors. You may be eligible for loan programs to help you buy, build, repair, or refinance a home.","November 8th 2018, 00:00:00.000",,"[""home loans""]",FALSE,active
How to Apply for a Specially Adapted (SAH) Housing Grant,www.va.gov/housing-assistance/disability-housing-grants/how-to-apply/,Find out how to apply for a Specially Adapted Housing Grant (SAH),"November 8th 2018, 00:00:00.000",,[],FALSE,active
Replacing Medals and Awards,www.archives.gov/veterans/replace-medals.html,Replacing Medals and Awards,"November 8th 2018, 00:00:00.000",,[],FALSE,active
GI Bill School Feedback,www.benefits.va.gov/GIBILL/Feedback.asp,GI Bill School Feedback,"November 8th 2018, 00:00:00.000",,[],FALSE,active
Verify School Enrollment,www.gibill.va.gov/wave/,"If you're receiving the Montgomery GI Bill Active Duty or Selected Reserve GI Bill, verify your school enrollment with the Web Automated Verification of Enrollment (WAVE) system.","January 17th 2020, 00:00:00.000",,"[""enrollment verification"",""GI Bill WAVE""]",FALSE,active
"The Affordable Care Act, VA, and You",www.va.gov/health/aca/enrolledveterans.asp,"If you are enrolled in any of VA’s programs listed below, you meet the requirements to have health care under the health care law.","February 4th 2020, 00:00:00.000",,"[""1095"",""1095-B""]",TRUE,active
Hearing Aid Batteries,www.va.gov/health-care/order-hearing-aid-batteries-and-accessories/,Find if you are eligible to order free hearing aid batteries and accessories for VA-issued hearing aids. And learn how to order online or by phone of mail.,"July 27th 2020, 00:00:00.000",,[],FALSE,active
Get Your VA Medical Records,www.va.gov/health-care/get-medical-records/,Get your VA medical records online through our VA Blue Button tool.,"November 8th 2018, 00:00:00.000",,[],FALSE,active
Beneficiary Travel,www.va.gov/health-care/get-reimbursed-for-travel-pay/,The Beneficiary Travel program reimburses certain costs for travel to and from VA health care facilities or VA authorized non-VA health care facilities.,"April 29th 2019, 00:00:00.000",,"[""10-3542"",""beneficiary travel"",""travel pay""]",FALSE,active
"Office of Resolution Management, Diversity &amp; Inclusion",www.va.gov/ORM/index.asp,"ORMDI promotes a healthy working environment through prevention, resolution, and processing of workplace disputes, including complaints of discrimination.","August 28th 2020, 00:00:00.000",,"[""discrimination"",""harassment"",""harrassment"",""Resolution Management"",""diversity""]",FALSE,active
View Your VA Test and Lab Results Online,www.va.gov/health-care/view-test-and-lab-results/,View your VA test and lab results online with our My HealtheVet tool.,"November 8th 2018, 00:00:00.000",,[],FALSE,active
On-the-job Training and Apprenticeships,www.va.gov/education/about-gi-bill-benefits/how-to-use-benefits/on-the-job-training-apprenticeships/,On-the-job Training and Apprenticeships,"November 8th 2018, 00:00:00.000",,[],FALSE,active
VA MISSION Act,missionact.va.gov/,"Get the care and services you need, where and when you need them, with the MISSION Act.","April 25th 2019, 00:00:00.000",,"[""community care"",""health care by local doctors"",""health care by local specialist doctors"",""local doctors"",""local specialists"",""MISSION Act"",""mission act fact sheet""]",FALSE,active
VATAS webTA Login,webta.bbg.gov/webta,VATAS is the VA Time and Attendance System.,"December 29th 2020, 00:00:00.000",,"[""vatas"",""vatas login""]",FALSE,active
Veterans technology education courses (VET TEC),www.va.gov/education/about-gi-bill-benefits/how-to-use-benefits/vettec-high-tech-program/,"If you want to gain computer experience to start or advance your career in the high-technology industry, find out if you’re eligible for our Veteran Employment Through Technology Education Courses (VET TEC) program.","December 30th 2020, 00:00:00.000",,"[""Tech Education"",""Vet Tec"",""Veteran Technology Program""]",FALSE,active
Dependents' Application for VA Education Benefits,www.va.gov/find-forms/about-form-22-5490/,Use VA Form 22-5490 when a spouse or dependent is applying for educational benefits under Chapter 35 Survivors' and Dependents' Education Assistance (DEA) or Chapter 33 Fry Scholarship.,"December 30th 2020, 00:00:00.000",,"[""22-5490"",""form 22-5490"",""VA form 22-5490"",""22-54-90""]",FALSE,active
Burn Pits,www.publichealth.va.gov/exposures/burnpits/index.asp,Learn about possible health effects from exposure to burn pits at military sites.,"April 29th 2019, 00:00:00.000",,"[""burn pit registry"",""burn pits"",""burn pit""]",FALSE,active
What your claim status means,www.va.gov/resources/what-your-claim-status-means/,Your claim status tells you where your claim is in the review process. Read below to learn about the terms we use for each stage of the process...,"January 25th 2021, 00:00:00.000",,"[""claim status""]",FALSE,active
VA prescription refill and tracking,www.va.gov/health-care/refill-track-prescriptions/,Use our VA prescription refill online tool to refill VA prescriptions and track your orders online.,"November 8th 2018, 00:00:00.000",,"[""pharmacies"",""pharmacy"",""prescriptions"",""rx"",""refill""]",FALSE,active